A,A,C,C,B,B,B,C,C,B,C,A,A,B,B,B,C,A,B,C,A,A,C,B,B,B,C,B,C,A,A,C,C,B,B,B,C,A,C,B,A,A,A,C,A,A,A,B,A,C,A,B,A,C,B,B,C,C,C,A,C,C,A,A,A,A,A,B,A,B,C,A,B,B,A,C,B,C,C,C,A,C,A,B,C,C,A,B,A,A,C,B,A,C,C,C,B,A,B,B,B,C,A,B,C,A,A,B,B,C,B,B,C,C,A,B,B,A,A,C,A,B,B,A,B,C,C,C,B,B,A,C,B,A,C,A,A,C,B,A,C,B,C,B,A,A,C,B,B,C
2.478709716,2.622886227,1.743127371,6.786647021,0,0.815331146,2.808558464,1.736583102,8.166652891,4.761266053,0,1.826846726,0.914158094,2.361047098,2.89617268,2.091229215,0.895202505,1.66801331,1.177438674,6.271921223,1.391009941,2.852148377,3.407244152,1.114249438,0.551845017,0.7037488,2.696082846,1.772370854,6.833844339,1.370651164,0.835166842,2.870248808,6.075237082,0,1.436021922,3.479253963,1.142092118,0.594403859,2.911245646,0.561580794,1.115471222,1.4397269,0.77181517,4.917426339,1.64462745,0.313720834,1.267783061,2.818358394,0.802977824,0,1.369198303,4.231715992,2.114147723,4.775677838,0,2.297132733,5.482900918,0.591802576,0,1.438808719,2.210189281,4.606364827,2.014299075,1.563884443,0.482255477,1.463568382,1.239935288,0,0.336905582,3.406091776,3.024330739,0.864778853,0,1.684822735,1.328971738,0,3.398062871,6.138733682,3.196219098,2.61179929,0.865261522,3.51112982,1.315513877,1.017443777,8.597076715,8.300706043,1.799759711,0.427286171,2.277564412,0.343601918,3.960913262,0.246921571,2.304968352,2.438152081,1.589846591,0.103800233,3.576716711,2.236153368,3.06308449,0.305262359,3.094807415,4.843643695,1.690980996,3.103302891,1.637007075,1.68536997,1.813349335,0.22292428,2.686007816,5.978558705,5.935453635,1.11900846,4.347728067,0.920606056,2.055950067,0.811997109,1.479189439,2.066257404,1.617151388,0,2.330993634,3.029433072,0.736801451,2.266181472,0.923423932,7.574169389,0,0,1.345135877,0,1.709048483,4.956676606,0.610228574,1.555559792,0,2.270518557,1.849713162,4.402881644,0,1.163141705,4.819424988,0.873308398,2.794124101,3.523477097,1.599416775,0.724308351,6.440083156,0,1.260216107,4.045884396
0.955195173,0.79825104,6.162236156,7.83094211,0.449027061,1.287100917,0,8.470442168,5.624263196,0.846145689,7.571776297,1.02965414,1.382656046,2.056332618,0.873427415,2.476562781,2.08695422,0.923602874,1.77183258,3.960574174,0.613502016,0,2.242905504,1.394281434,2.383423657,1.445059069,0.640109153,1.925887931,13.47022763,0.462429671,1.64803314,4.845028429,0,1.308723972,2.474933921,0,1.174258176,0.457009264,5.397004344,3.034434916,0.143527177,0.23987468,0.825857933,4.17463296,0.621688014,0.360409649,0.104410355,1.810470644,1.255698589,7.078874075,0,1.524843105,1.268448705,2.152773101,0.035526249,0.126831514,2.137540861,3.416164481,9.295378192,0.495744098,3.004807815,0.802311189,1.095454718,0.841040037,0.629077567,0.728330087,1.010286724,2.385934908,0.144690966,1.141414918,9.050156365,1.391394653,0.852558627,2.315299002,0.810391884,2.974520243,0,6.6195481,1.326385524,2.189524622,0.780243499,7.798155144,1.394223909,0.914958877,0.799358185,2.069417639,0.106428524,1.751446211,0.313010059,0.776129491,8.969123388,0,0.187075056,0,1.849543566,3.763897741,0,0.720698608,0,1.719502961,1.56096546,2.324047347,1.131867066,1.275181943,0,0.394079325,0.287741568,0,1.485153302,3.206428602,0,0.172682461,0,5.384330467,0.253530743,0.22460988,0,1.169317784,0,1.642220895,0,1.334705507,2.649591783,0.6458602,0,6.963212474,0.884079015,0,0,0.605357467,0.370846828,4.282773699,0.126345753,1.124084701,7.856924919,0.778944741,0,0,1.320036858,1.693469312,2.899493069,0,5.365011197,1.513621577,0,1.436390266,0,0.795459413,0.974241788,0.956221226
0.443304396,1.165614697,4.203266498,10.87477152,1.120597407,2.02330455,0.202595474,5.407335006,5.281740972,0.948801031,5.546116553,0,0.033856884,1.713041903,1.99524134,1.567173425,3.497530749,0.884533222,1.473939759,9.537837231,0.840282667,0.465041785,0.377369851,0.272475203,1.836797905,0.196119189,0,1.266386224,3.897614069,0.603108504,0.857886642,3.44542707,4.614404988,1.847153752,1.745180206,0.470841932,0,0.300859006,1.01913878,0.808663962,0.62756169,0.739794712,0.797986047,0.819098877,1.448658225,0.339379369,1.036324454,1.589192792,1.019918352,6.953028277,0,1.215948797,1.957446841,0.457963337,1.437018731,1.16639798,5.507014204,0.739727888,6.234108527,1.025830022,3.551359272,8.683803425,0.012244152,0.906525145,0.92018762,0.714234102,0,1.042230227,1.683742778,1.116223329,4.685864873,0.481765039,2.346270438,1.835264701,0.681119821,7.175677355,1.004153607,0,0.456888382,3.316284985,0.326261909,4.959029788,0.911204154,1.548988102,5.423536608,4.393217286,0.997136738,3.005912075,0.78521415,1.204602961,5.644077932,1.530777949,0.851293703,0,2.764794671,8.054414037,1.177528706,1.014990028,0.138281624,0.875048981,0.720512006,2.230865461,0.61903221,2.752703839,4.37507655,0.883044288,0.094491509,1.469725002,0.262818711,1.546179148,1.424751034,0.756608498,6.589258045,3.616204323,0.543051363,0,0,0.328077852,0.647108004,0,0.263759159,1.734031893,2.279095023,0.310828716,0.685991135,0,4.495998395,3.848015105,0,1.721331754,0.475177319,5.352540428,2.450722767,1.350894184,0,0.647108004,0.771203793,3.753064301,0,0.677129617,2.601492919,1.372553837,1.291067146,0.957434353,0.624980408,0.564612492,2.248380896,2.192834226,0.601108358,4.428093588
0.278928122,0.149148969,4.838973263,0,2.101622357,0.516926338,2.454559075,3.39085579,2.112081569,0.719780582,0,0.272086005,0.415097214,0.464346687,1.638206567,0.45032495,7.921708396,0.05674159,1.417269272,9.248756436,0.309071255,0.088707282,1.592855421,0.781920034,1.947524737,0,2.219610616,0.79168089,4.268272841,0.250029076,0,8.709179832,3.83044158,1.449579583,2.032647029,0.03836737,0,0.476680805,7.355529527,0,0.187081071,0.309891573,0.109790143,6.665347763,0.28590871,0.447131664,0.432316984,0.741003072,0.361336732,0,0.897230246,0.627794117,0.381132771,5.616701168,0.399611389,0.518324788,0.766350917,0,1.387100491,0.284475539,6.821195706,0.237488729,0.081217457,0.673175317,0.364007304,0.257960813,0.513516364,0.855969398,0.138709482,0,5.870920626,0.477460061,1.179683119,0,0.194310429,5.169046625,1.561671565,2.79268624,0.469454102,4.245869656,0.285715567,7.210673397,0.099514194,0,3.636150035,4.719429506,0.10135633,0,0.45512428,0.387804187,1.830049706,1.351808686,0.448345907,7.029644843,6.090645906,6.492176448,0.146475481,0.391800257,0.343750816,0.921595296,0,9.309866749,0.130916931,0.87542856,5.204248163,0.049135259,0,2.263657933,0.413095489,1.468252657,2.414377826,0.813397827,3.556239216,7.397388566,0.51097328,1.814006231,1.280635155,0.600480178,0.298128499,0,0.232686353,0.917276333,0.57698822,0.3022893,1.74951071,1.948893038,5.540653086,1.645869241,1.371443585,1.801939942,0,0.133888301,0.592832857,0.35203915,0.686481707,0.59011876,0,6.623675966,1.373004369,0,1.394552038,0,0,0,0.221526341,0.312272312,0.727425339,1.342691206,1.948302151,0
1.440363616,0,7.792719347,1.126103538,0,0,0,4.298163853,3.690614116,6.356852438,4.8868172,0.83793297,0.42766639,4.037096707,2.534736242,0.760559166,0,2.156970976,2.423021371,5.058841575,2.072729484,1.195861711,1.893868406,2.582021872,0,1.696690717,0,5.456574738,2.365577834,1.18099943,0.150588261,2.271972275,0,0.006226739,3.127332658,0.549892431,1.265765545,0.758632365,1.547042424,0.167191612,1.863867095,1.784010845,0.096251068,8.449522952,1.282457202,0.159774271,1.224777446,1.551992793,0,7.732900789,0.754006504,0.858969881,0.654675642,0,0,0.423820868,2.575366975,1.008859485,4.118312003,0,0.334488081,6.741932825,1.566082272,0,0.689860013,1.913921477,0.62328898,0.496735331,0.989190977,2.623923066,13.30953667,0.745988797,1.979316787,7.506296944,1.291056645,4.736194327,0,0.371760629,0,0,0,1.828371327,0,1.758947244,8.954371091,0,1.196150646,1.158466282,0.175434746,0.890783934,0,0.797600839,1.029430262,0,0,1.100348103,5.346180271,0.912431841,0,0.705278055,2.564391227,2.355297269,1.427932642,0,2.94105333,0.663593977,0.668276851,2.294590397,0,0,1.082718902,0,0,0,2.064940798,0,0,2.512146619,0,7.711563316,0.617022277,1.493012925,0,1.184435729,0.092745697,6.330746268,5.506532338,4.887661575,4.320112404,1.085814276,0.150412387,0.474142084,2.29070765,1.533881953,0.059750104,0.155147444,1.142391323,6.320017505,2.865305439,0.598225068,9.319109026,0,13.41479941,4.088689886,0,0.778228735,2.538570638,4.859546309,0,0.962574936
0,0,5.757653139,11.73825797,0,0.223138133,0.022761535,6.837028468,6.724440936,0.343141866,6.961437816,2.095676049,0,2.80094516,0.818617238,1.60100287,5.125003292,0.339384527,0,10.53977642,2.509885107,1.201601535,2.327965853,1.306261467,0,2.822504186,0.297157862,0,5.483654036,0,0,5.078295464,6.12621418,3.241187525,0.352364415,2.659809226,0,2.502115953,2.903273275,0,0,0.711199456,3.645454134,2.723949478,4.029132478,0,0.102625981,1.722116005,0.896565538,8.222649944,0,2.623485827,2.65787863,2.400213088,2.076301982,2.403336995,6.926384901,2.652798139,7.57818143,0,5.173257341,9.774186242,0.757720383,0,2.390676135,2.707754501,2.526652596,0,1.470783374,0,6.190273689,0,0.995374987,0,0,8.422241513,0.54504778,0,2.399249456,4.962527316,0.867455614,6.43514968,0.852264369,0,6.851552234,5.927932648,1.936755458,0,1.039721869,0,7.049254327,2.141858633,0.965974558,0,4.468149268,9.209976338,3.597858424,1.406739372,1.043227869,6.065706813,0.847731255,3.989513698,2.560498487,0,5.911670564,0,0.691389741,0,0.836338288,3.375733411,0.443058863,1.399662025,7.89655171,5.231387047,2.973453055,2.029142044,0.016167334,0.553381514,0,1.796387187,2.926024703,0.352497474,1.250596117,1.568760032,0.340330345,1.880916011,6.020069759,5.439191534,0,0.460245948,1.49666308,6.78790841,0.463724493,1.553134959,0.295444738,0,1.203555573,5.354073824,4.221984975,1.19146259,4.321759025,0.745814916,3.147040775,0,2.138180443,1.087526206,4.005215237,1.488052996,1.49091463,5.959197165
1.743811474,6.611697056,8.445227596,10.86928566,2.725320244,3.752596419,0.853322306,0.128990373,6.51229125,4.67647287,8.497182708,2.403554861,4.09641862,0,1.640856951,2.878119174,10.65953672,6.884796124,4.3370238,4.243873323,2.222903895,1.99125331,3.574787902,0.659021086,0,3.661340086,5.386720855,0,0,5.832266372,0.410497357,6.451521531,6.94545669,1.703909354,1.505818543,0,1.962796492,4.674712811,11.5888037,0.051858476,2.654527082,0,1.141183946,6.488692591,1.04468674,2.979621916,3.02716599,0.187764269,6.464597657,8.567058845,1.985284171,1.59253618,0.898232513,4.517690721,0,0.029037435,2.79353907,2.359399869,2.019395211,2.937396646,6.281655592,9.627818568,0.066960904,1.94570411,5.049898862,4.569188348,1.484529428,0.124421965,0.584425623,1.644799611,5.349400717,0,0,0,1.787871616,10.69715501,0.653895629,5.986351996,6.801565135,3.23201738,0.939735189,9.847641345,5.368841328,1.543252936,1.645090029,3.08186774,4.959848223,2.090770065,1.102974232,2.172459124,4.804496896,5.794425576,6.060027856,0.472744173,4.89158356,10.63602687,4.120446554,0,1.050311491,1.057881398,0.432227714,8.492767475,2.248452738,4.232923673,8.164270335,0,4.14764276,1.638651381,0.868098002,8.35521013,1.803702705,3.046841809,11.97574558,5.608043924,0,0,2.373157256,5.544096068,2.854277743,3.295175512,0.633500047,0,3.965680933,0,1.355227503,4.931365063,6.154790597,3.340025651,0.447397676,1.783089554,2.033341803,6.374603859,0,3.854285267,9.379969211,7.7644815,2.991931813,10.16830398,2.136296187,1.342459796,2.512074312,0,7.568334413,0.125168751,2.858022326,1.379740461,4.221809846,0,0,4.588159996
5.404158633,3.165870526,9.949316991,2.430434956,0.012961251,0,2.354574141,6.008014345,5.322794898,3.198159944,6.671921672,0,1.809734368,0,2.208222983,3.47314494,0.225041136,1.451488066,0,6.865937799,0.099098889,2.220420452,3.296351583,1.861615916,2.915996671,0,0,1.593637213,3.828364772,0,2.993599179,3.722792594,0,1.921864392,0.911528829,1.180449223,2.587951481,4.137571028,2.905187053,2.369629916,0.977934956,0,1.804449794,10.69008697,0,0.162831707,0.459540211,0.603335135,0,9.881851174,3.12104326,2.095338501,0,0,0.12257237,0,4.064973548,2.298202317,5.805170072,2.01990843,1.53761866,8.764196964,4.224595846,0.388142785,0.510383125,0,1.341365242,0.854050446,0.946674782,1.432648966,16.17140926,0.145063182,0,1.300710752,0.810745206,6.502043034,2.343992807,1.579656164,0.768315176,0,0.460998768,3.222481298,3.885434722,1.66159684,11.25947535,1.088800373,1.983721136,2.580929546,0.161513258,1.96745787,0.84242467,0,1.969676242,0,0,2.401386924,1.112720789,1.667623888,1.535501903,0,0,3.816769931,0.735740906,1.378655403,4.47740958,1.330524861,0.677504618,0.229101849,2.931142668,0,2.15114355,0,0,0,2.461236778,2.883984822,0,0,0.179170416,9.857785899,1.176083111,1.517007828,0.304191823,0,0.431847317,8.300443945,7.370861756,6.672873992,0,0.63910106,0,1.695126157,2.507866744,5.046086567,1.22775793,0.44292488,0.979149223,8.288343606,1.706468125,1.152871942,11.67084171,0.800186578,16.29012888,1.482368267,2.358721081,1.388374954,4.023473134,0.300058533,2.452422583,2.246000709
0.492182166,1.03082606,6.072592726,12.16115071,0.547851327,0,1.805654624,7.171451364,7.056831567,1.293835116,7.298106369,4.573673995,2.863292629,3.192248191,3.497216498,1.70149879,5.428523207,1.959615419,0.13437439,10.94103592,0.878748542,2.297458913,2.580997728,2.084088878,0,0.905076744,0.513532553,0,5.793647791,0,2.584798985,5.380972278,6.447806494,1.273053753,0,0.785358865,0,1.806696027,3.166689761,2.325202153,3.660448046,5.199505849,0,2.984129072,1.89781198,0.092420432,1.088222042,3.316108545,2.925449475,8.582084059,2.575457337,3.076440593,2.840616061,2.654549065,2.608337495,0.265483236,7.26242073,2.911693412,7.925982539,1.4961459,5.477648268,10.16162643,0,0,0.635064352,0.39847081,0.515756882,1.788563126,0.365020959,1.054343833,6.513022311,2.053311018,0,2.481266806,1.421369952,8.785278363,0,0,2.653568038,5.263114452,1.396001189,6.762318447,2.577879413,0,7.186237293,6.245945872,4.317204129,0.245612141,2.731258009,0.066578959,7.387508015,0,1.59718651,0,4.759812612,9.587232228,3.529737118,1.642192992,1.369925762,1.63666114,0.208161604,4.272537411,0,3.155999006,6.229390249,4.178317467,0,0.514173102,1.133030677,3.647678057,0.10392669,0.70785823,8.250099575,5.536827246,3.173980066,2.1567269,0.895292628,0,0.107331052,2.039823779,0.954598217,1.82832719,4.645452831,3.432926032,2.832307113,2.125878394,6.339746108,5.748382717,1.518102549,0.53533809,0.702781166,7.121444663,2.073835326,2.382087486,0.511788506,4.22553443,2.959077155,5.661728586,2.153193513,1.813106873,4.610779946,2.466746268,3.414857395,0.788168749,0.457861178,2.603896464,4.288522371,2.39944366,1.039801422,6.277774731
1.715730901,2.036029639,7.206400807,0,1.21744712,2.301616919,1.121030223,5.829502226,4.613618541,1.983006646,2.364421318,0.672506372,4.636170684,0.366710051,2.894695594,2.90067625,10.13752602,1.755614801,1.108052825,11.3993094,0,0,4.119928105,1.520957576,0,0,4.715859274,0,6.663767619,1.924626486,1.049158255,10.88626935,6.247469043,0.336195117,1.24978143,2.077618651,1.31651562,1.225740062,9.59919201,0,0,0.149505422,0.733385673,8.942953611,0,1.634275987,4.124139946,0.835067331,0,1.193909822,2.69106904,0.667650206,3.222573196,7.945879799,1.489656065,0.002935135,3.334071363,0,3.92429227,3.544103447,9.091136901,2.831218791,0,2.445876658,0.111123609,0.540334623,0,2.336039111,0,0,8.187596661,0,1.417020294,0,0.942985548,7.520241053,1.396113626,5.260750851,3.051776031,6.64246623,0,9.461459951,3.005122676,0,6.06273282,7.092736252,1.197130769,0.070888213,2.75907878,1.303363161,4.345457098,0,0,9.289334441,8.396515779,8.778298917,1.212947145,0,0.354060207,1.085333465,0.16232606,11.45741429,1.240219786,0.840851899,7.553711368,3.226950139,4.068934755,0,1.84570114,4.001453346,3.311763853,0,5.986752041,9.638992407,2.235751549,1.066591553,0,2.468491528,1.189662112,2.132509491,1.258463681,1.839272604,1.083197676,0,0.660782703,4.458455675,7.873571787,4.170334689,1.013870874,0.990352682,0,2.732713467,0,1.08293433,3.258130147,1.598438769,2.136199965,8.903331247,0.136998519,1.368412495,3.931377348,1.068037695,1.862168785,0,1.768759558,2.232234079,3.297060159,0,0.871470447,2.233296283
0,3.172984266,8.6618541,4.116434231,1.71169496,0.731867668,1.149913043,6.279202627,5.86496417,1.58061108,6.680557182,4.269304732,0,1.017784495,0.888958777,0,2.783198671,2.559538571,1.229177893,6.797846528,0.387367613,2.896180304,4.639910277,1.109423703,1.403680482,1.466873197,1.819307091,2.278156909,4.961530341,0,5.894032979,4.897708369,2.471392965,0.224525148,0,1.841008735,4.211658326,0.827876529,4.403438017,1.264172749,0,0.44115671,1.679069164,9.10967474,1.972869741,1.759945901,2.87312359,1.243616008,0,8.62106872,1.689713186,0.006108632,0,1.140231053,0.808707579,0.604207354,5.104568392,4.036495103,6.156576366,0.919189342,3.576696419,7.945408744,2.860685761,2.536632674,2.268923431,4.620050136,3.379448112,1.007179218,3.922983292,0.50614052,12.42332046,0,0.276723778,1.864775196,3.435298374,6.577859769,0.717917611,3.60210952,3.111626303,2.613568815,3.487885506,4.595253178,0,0.743325255,9.45388938,3.305370502,1.840692387,1.880812544,4.563534908,5.787090045,3.156428012,2.556982064,0.25248698,0.930989064,0.551751602,4.098873707,0,1.467075363,0,3.196454155,0.790189016,4.954520865,0,0,5.353899998,2.516583159,3.153124415,0.08377425,0,0.431174432,0.384536417,1.509080459,0,2.010682967,0.085866232,0,2.47072786,2.108573012,0,8.606520443,0,0.759370788,0,0.926867297,0,7.665054274,7.10309023,6.681132892,0,0,4.20880428,3.671915057,1.590122576,0,3.389375071,0,1.870830643,7.657739208,0.205170646,1.843921241,9.702574336,0.490955482,12.49509051,0.808215429,4.707496551,1.563511382,5.07947998,0.597252789,0.871063331,4.004937456
1.006263047,2.363873337,4.541728484,8.60076714,0,1.006202962,0.393931027,5.27430091,5.197887711,1.234982262,5.358737579,0.501433643,0.560253303,1.891587323,1.426553155,0.93410028,4.112348805,0,0,7.78735728,0.658857535,1.116256154,2.213998485,3.381120684,0.303274789,0.466728961,0.835688369,0.911286811,4.355765194,1.50322996,1.477893803,4.080648185,4.791870996,0.657039192,0.530220649,0.114707752,0,2.849794256,2.60445984,1.82755785,3.561337799,1.11664519,1.360555162,2.482752715,2.750509539,1.860080484,0.214258872,0.686784921,3.009227949,6.214722706,1.459656569,1.698596458,1.670592083,2.26303271,0.284043478,1.323305953,5.334947153,2.434462275,5.777321693,0.902658049,4.145098845,7.267750951,0.070273218,1.305401675,0.256868244,0,0,0.48578807,1.754349633,0.921373027,4.835348208,0.424757873,0,1.306373117,0,6.350185575,0,0,2.262378692,4.002076301,0,5.001545631,0,0.232810323,5.284158195,4.657297248,1.4291759,0.723426076,1.019332031,0.19968913,5.418338677,2.609540304,0.618665463,0.326973785,3.666541742,6.884821486,0.449616556,0.323487093,1.457908554,0.475697249,1.318475103,3.341691607,1.243026619,0.696018419,4.646260166,0,1.47976909,1.044890275,0.914257516,2.925118705,0.2676208,0,5.993399717,4.184551498,0.279735669,0.845187237,1.100298625,1.659931168,2.787788454,1.853215852,1.49413706,1.320930125,1.70078443,0.956724871,0.788856182,1.910585596,4.719830739,4.325588478,1.082463343,0,1.350283283,5.240963109,0.927924049,2.367823045,0.834525671,1.983135981,2.456303101,4.267819057,1.62205061,2.310621513,3.56718663,0.406362682,2.76990493,0.423099374,3.096941801,0.301927885,3.352348248,2.062359596,0,4.678516487
1.085930054,0,7.568973263,0,2.132033201,0,2.140104444,6.12085579,4.842081569,0.621713783,2.476546558,0.36631429,1.446553525,0.322839704,1.084200308,0.789743361,10.6517084,1.789996278,0,11.97875644,1.350552085,0,4.322855421,0.134710486,1.627005573,1.781874399,4.949610616,2.546599599,6.998272841,0,0.501853647,11.43917983,6.56044158,0.243984774,0.330985354,0.946196402,1.374438841,0,10.08552953,1.703865015,0.027811457,0.878863894,1.337825798,9.395347763,1.813036871,1.025316688,0.136274794,0,0.199971165,1.245491365,0,0,1.425526007,8.346701168,0.734842407,2.130783146,3.496350917,0,4.117100491,0.677583394,9.551195706,2.967488729,1.426889704,1.237999205,1.326419916,1.306474697,1.223969521,0.101271515,1.120762291,0.604210307,8.600920626,0,1.775524011,0.95903517,1.107433782,7.899046625,1.447767439,5.52268624,3.199454102,6.975869656,0.588242729,9.940673397,0.819174348,1.838048407,6.366150035,7.449429506,0,1.959774541,1.184498861,1.832719245,4.560049706,0,0.613554604,9.759644843,8.820645906,9.222176448,2.032383255,0.568748984,2.555474449,0,2.422367944,12.03986675,0,0,7.934248163,0.319322426,0,0,1.477061206,4.198252657,0.344035171,0,6.286239216,10.12738857,0,0,0.98627257,0.666534671,1.278795681,2.232639292,0.417650809,2.412405384,0.81398144,0,0,4.678893038,8.270653086,4.375869241,0,0.288775705,0.905609814,2.863888301,0.444586131,2.142856575,3.416481707,0.76147082,1.260475456,9.353675966,1.403592065,0.816351095,4.124552038,0.701511666,1.948315446,0.45088511,0.630234373,1.03534032,3.457425339,0,2.678840265,2.338639195
3.887420684,1.969911608,8.093286325,9.883092636,0.099029405,1.204577911,0.970786045,1.95298214,6.66610035,0.285132485,8.131647447,2.770615601,1.786491424,1.094931219,1.817979507,0.333643227,9.728224242,0,0,4.991211127,1.738425584,0.31130748,4.497191068,0.429144434,1.05663865,1.047743792,5.835034036,0.914063419,0,2.790257571,2.68856017,6.621230951,6.985928595,1.091585416,1.294732995,2.314875685,3.306975187,2.292087896,10.41434968,1.566442263,4.071231291,0.442318145,3.101654323,6.64867625,6.313892976,2.861248089,2.377046116,0.432850909,0.437422972,8.183240581,0.903982363,1.783366981,5.40441319,5.193384546,0.624931074,0.121757678,3.920355013,3.599807789,3.348764923,0.824806961,6.495810222,8.966453853,0,2.017425953,3.641282405,3.565806395,2.055107933,0.445534949,0.445574591,1.744641265,5.807478666,2.563220272,0,1.774891627,4.500213748,9.755999755,0.613960863,6.277772442,6.879686085,4.244106023,5.058795745,9.128760277,3.582978019,1.262093504,3.072396222,4.133242848,1.136121426,0,4.518113696,4.219613169,5.405148246,0,1.739017347,2.206793189,5.469448794,9.710865717,1.218686732,2.951980372,0.699111736,1.4972138,0,8.128387454,2.76921848,0.035994601,7.885841179,0,0.894498402,0.257214976,0,8.026821816,1.824157819,2.180109034,10.70004871,5.998448202,0.573668462,0.876413749,0.800936204,3.102302111,0,4.290738908,2.455719044,0.219067358,1.066623197,0,0,5.498821516,6.402139294,4.323854065,1.877455345,1.207858061,0,6.564438692,0,2.248584582,8.783453969,0,4.230229882,9.365521938,1.185651611,2.613793225,3.712535155,0.400139795,7.445831144,0.512726428,2.847805621,2.932914407,4.974920531,1.853113856,1.098520881,5.245415624
1.811955424,2.276394305,6.458597009,3.769223586,2.039927536,2.250130634,0,5.048861554,4.803770467,2.053659837,5.286329666,2.424286602,0.329365374,3.475595641,3.601306226,2.341457544,2.980392547,2.171309468,1.099508332,5.355725862,0.243317852,0.591332589,4.078946914,0.713984783,0,0,2.410090029,1.331170229,4.269238785,0.24979541,0.349869522,4.231477452,2.795907504,0.123535138,1.079147269,0,3.825564509,1.879080226,3.93903416,2.034139466,0.88651412,0.013861616,2.449938991,6.723557554,0.281862329,0,1.212149626,0,1.805460677,6.434465659,1.411255023,4.87075633,0.236937702,2.008303373,4.845880331,0.740409105,4.353869632,3.721926269,4.976307683,0.93048903,3.449878714,6.034700174,1.195974353,0,2.7982173,0,0,1.296124284,1.038690887,0.845096357,8.684131272,0.669822482,0,3.332148886,0,5.22556703,1.099916581,3.464914799,3.174712229,2.880028215,0.476744852,4.052524797,0,0,6.927217883,3.289344214,0,2.843377543,0,0.146847795,3.201219907,5.79197269,0,1.884501863,1.660119698,3.75883361,4.131613169,1.893393308,2.199574233,5.327330401,1.301625067,4.265091512,0.687971677,5.995323246,4.501390832,0.622568685,0,0,0.300110579,1.588778206,0,3.624809297,0.912093047,2.523320755,1.706271822,0,0,1.750397139,3.057302418,6.425857929,1.15711044,1.280647094,0,2.971211923,1.145713096,5.868823779,5.536328386,5.286670294,0.556866208,0,1.380717966,3.506216409,5.131600502,2.336611813,3.339046917,0.249434432,0.119232944,5.864495698,0,1.653051852,7.074356482,0.248789089,8.726595216,3.239173858,1.650595193,0.425430047,4.339025655,0,0,3.703254662
3.235193044,0,5.989604809,12.05657216,1.287969392,2.290956602,0.908910509,7.084566785,6.970353441,0,7.210772658,2.577709001,0.1832004,1.569458094,0,0,5.347819224,0.534280225,1.619702856,10.84078402,1.179419309,1.249926181,2.510391353,0.92629907,0.083506073,0.762232217,0.450257615,1.252685182,5.71164904,2.741598127,1.8096563,5.300436915,6.363488031,0.828237556,1.065778563,0.9978036,0,2.066352972,3.094006464,1.327406288,1.54924016,0.21968478,1.242645448,2.912093153,3.150536367,1.977064716,1.346919743,1.042369398,0,8.490197236,3.606797754,0.50337271,0.696571141,2.58368187,0,1.207041462,7.175213564,2.839914358,7.836422317,1.249926181,5.396770082,10.06413839,1.84992311,3.003859474,1.268946489,0,0,0.732902002,1.684881335,1.115276301,6.428472587,0.470445475,0,0.630657722,0,8.692670993,0.305026513,0,2.582704322,5.182997025,0.324275488,6.676884694,0,0.492366449,7.099300281,6.162343228,2.407333404,0.145746206,0,1.101538073,7.299857278,0,0,0,4.681479943,9.49178105,0.831003625,1.097615195,0.98860438,0.675034435,0.596182131,4.195932668,0.302265398,0.201259534,6.145846312,3.824877485,1.431024311,0.51041179,1.746028123,3.573289128,0.471498457,0.521476782,8.159390002,5.455739206,0.130133385,1.029648489,0,2.314984335,0,1.97113646,1.419706081,0,0.024460313,1.61444711,0,2.056885917,6.255810838,5.66654448,0.598277096,1.219836143,2.63478284,7.034737412,1.01145274,1.83744416,0.448519752,2.999523321,4.288687587,5.580197633,0.71393416,0,4.532975761,0,3.341294071,1.171674169,2.748026481,1.236016914,4.211860944,0.937714297,1.529380891,6.194059218
2.042297449,3.722807917,6.148103796,2.740792741,1.362794077,0.350869922,0.269907693,5.554613029,5.030525233,1.341214133,4.061043671,3.000351574,2.790489537,1.859349331,2.010866282,0.918934037,7.411519835,2.380701715,0.790324529,7.955391982,1.701355216,5.297803812,4.817727631,1.141697791,0,0,5.074594515,0,5.914210181,2.039626945,2.238927635,7.73425403,5.734771139,1.166724982,0.462487045,1.646967789,3.609360181,0,7.179479314,0.809573257,0,1.981619646,0,6.896617936,0,2.711486143,1.494141923,1.279938746,2.079771541,3.556512854,0,0,1.279213841,6.466844741,1.425409104,0.72451015,4.478996277,2.68854227,4.733401841,2.495978463,6.960490043,4.262249479,0,4.085379253,1.150752717,0,2.973468502,0,0,1.051920648,6.571033043,2.362148637,0,1.023642503,0,6.283379764,0,5.309461574,4.357317255,5.905028547,5.151610542,7.120112048,1.311774206,1.982049852,5.655143457,6.099110453,3.767830633,0,0.614580829,0.972030732,4.914938404,0,0.464290809,7.045920018,6.661084388,6.825646085,0,0.438499676,0.225316088,0.593953913,0.600561051,7.980437192,0,1.651620104,6.297806624,0.345760002,3.536386969,0.596542131,0.539653965,4.766660925,1.28658838,0.726498362,5.622393121,7.196634658,3.010175072,1.4147021,2.148319035,0,1.023027465,3.961081677,0,0.79358459,0.276738441,0,1.271008486,4.963644688,6.435677494,4.839454607,0,1.134278167,0,4.219790287,1.033022008,0.259696588,4.446262995,1.431622461,2.250770824,6.879539331,0.018271859,1.632183233,4.736455753,0,3.844555511,1.457090988,1.560315029,3.327929419,4.463043172,0.059477938,0.603011662,4.00452426
0,0.595744443,7.157016244,8.017165878,0.495216493,2.157638702,0,4.206093358,6.471135605,0.888212109,7.175451929,1.823580571,0.652832788,1.209341864,0.438205374,0.893073745,7.942738835,0.60778879,1.65557664,5.666213115,1.013890089,0,5.428795707,0,2.055266479,0.399822106,6.071739658,0.715130299,2.668435677,1.586511318,0,6.449572156,6.624839471,0,0,0.609051566,4.856798755,0,8.272478731,0.599696879,0,2.12918225,4.312303501,6.462761887,1.034198605,2.915357292,1.965753692,0,0.002576091,7.200246687,0.702543859,1.716198964,3.34292112,5.763374127,0.74352046,0,5.15157838,4.997528986,4.876882172,0,6.389297146,7.576645298,3.003368367,2.309331232,3.912069807,2.274764885,1.677739821,0.678293706,0.535342626,0.464622864,6.058497029,3.193190643,1.922289145,2.631392128,0.04937887,7.956087261,0.913376872,6.284511999,6.573781177,5.307167457,2.508826803,7.654646929,1.447963806,1.170274247,4.744064204,5.253888553,0.351104328,0,1.697455574,2.785495637,5.86514406,1.140788667,3.237448292,4.328070513,5.89604578,7.934396631,1.198236115,3.962276098,0.739095155,0,0.532050789,7.173885233,2.288150828,1.285263299,7.057321732,0.012489492,1.197886779,0.907050086,0,7.125074562,0,0,8.409780689,6.15027365,0,0.788219033,0,0,2.408552283,5.329578407,2.560596787,0.688888489,0.866132659,1.580085465,1.51568003,5.910161797,6.344280534,5.345492973,2.800706572,1.301359286,0.099306036,6.422278789,0,0.778186442,7.488698752,0.922823657,1.629967611,7.768430446,0.484512627,3.734667045,5.051703788,0,6.845860598,0,1.375694721,0.856258604,5.658384139,0.932340007,0,5.788379353
1.415075007,0,6.123442501,3.812854067,0,0.473091399,0,4.912261335,4.70169012,0.207485522,5.116283234,0.794395521,0.018780326,0.260050792,0.667396984,0.950197768,3.135125991,0.726109749,0,5.175905318,0.77913013,0.672181397,4.078954391,0,1.459952495,1.296777379,2.645147771,0.158084157,4.24244459,0.073581043,1.209069375,4.210001754,2.976624757,1.062560836,0,0,3.861259649,1.150220373,3.958747658,1.500105322,1.781388016,1.356428765,0,6.351084659,1.104842579,1.437518119,1.075631223,0.050333591,0.266609015,6.102709933,1.236909872,0,1.246243778,2.299950785,0.659194365,0,4.315155599,3.772218344,4.849926319,3.074837638,3.538487346,5.759249445,0.418694207,2.051553985,1.164406683,1.979719411,1.467680965,0,0.515341719,0.223119395,8.035521234,1.592037426,0,0.97586331,1.422653304,5.064078716,0,3.551405673,3.302076704,3.048897481,1.941683524,4.056253699,1.022486219,0.485983657,6.526060435,3.400563339,1.42348116,1.008510361,2.022055798,0.309216409,3.324850906,0,1.369938547,2.193586108,2.000807064,3.803927468,1.854446959,2.162803218,0,1.490443646,0,4.23888144,1.754665174,0.765947385,4.441899166,1.812029575,0.928310407,0,0.978944849,1.93951367,0.951401882,1.029801348,1.35813628,2.742430508,1.069251686,1.850388793,1.886143531,0,1.297993196,6.095314558,1.069184429,1.293788666,1.366048588,1.677461898,0,5.616735923,5.331070867,5.116575887,0,1.453483486,0.510748452,3.586890154,1.299877221,1.9134652,3.443265661,2.239557454,1.543254245,5.613017431,0,0.428601777,6.652475287,2.34080448,8.072004341,0,2.21998365,1.196688128,4.302402323,1.135725478,0.385401558,3.75617654
2.950644223,0.140499089,6.096166305,7.585919855,0,0.035846042,0,6.365035972,6.336990703,1.213945793,6.396026026,0.786699122,1.025265858,0,1.046009301,2.257411906,5.938574827,2.911472331,0.774738296,7.287381129,1.257036736,2.636739812,5.24183987,0,0,2.194718163,4.735970731,1.806789114,6.027913821,3.842425242,1.539397574,5.926940025,6.187973929,0,0.3123438,0,4.355812678,1.579498275,5.385147495,0.855588396,2.802689785,1.210878856,4.776692578,5.34047839,1.316716959,2.029033369,1.695427393,0,2.444942454,6.71019078,1.411212788,0.407827101,0.616160339,5.259836473,1.162110563,0,6.387294434,5.322754771,6.549655302,1.496475756,5.950594789,7.096674551,2.022338999,1.883578882,1.397843318,0.643472238,3.263813808,0.715635919,1.510348813,0,6.203930991,0.557073629,0.991924778,0.658699277,0.175056477,6.759908536,0.892724769,4.349499511,5.259596435,5.898102472,1.990164658,6.264928982,3.592810419,0.662778361,6.368653806,6.138582501,0.895142518,0.398707143,0.489952647,0,6.417900897,0.26973511,2.509106146,4.549261655,5.77495415,6.95613129,2.15243348,0.091209206,0,0.427842237,0.994835729,5.655727239,0,1.421834112,6.134531657,1.474663493,0.523356409,1.101692546,0.759415299,5.50283612,0.832560842,0.607422534,6.628960534,5.965074752,2.2937481,0.551381176,0.355777003,1.959248,1.066604973,5.109424967,3.762026001,1.10242071,1.220860794,3.206358617,0,5.130480884,6.161533622,6.016838324,1.613041163,0,1.725606655,6.35280029,0.32682864,3.125126916,4.735543996,2.468408077,2.328717865,5.995635718,1.001479588,0.165529429,5.73848871,0.891242862,5.445869363,0,2.885303781,1.989100958,5.659638453,1.982182893,1.258547981,6.146370413
2.417832387,2.128732511,6.320842956,4.385490277,0.13475373,0.409983561,2.095283065,5.9837402,5.686058332,1.382633302,5.135392805,0,0.006994854,1.624697045,1.139581166,0.865557461,7.038463266,1.946286669,0.373625965,7.347382646,3.589791003,0.586553618,5.565189295,2.359328294,0.675835593,0,5.711089684,0,6.187991383,0,0.764944547,7.221776289,6.086070007,0.926100613,0.791881569,0,4.878836583,2.119306338,6.906664251,1.935069752,3.712051556,1.120850946,3.891314781,6.745998987,2.725983721,0.371785403,0.281313099,0,0.095384393,4.848819301,0.487851388,0.403896586,3.475817265,6.501887813,0.627383309,1.402567334,5.372789886,4.355812009,5.517292245,0,6.782278345,5.249677704,2.561796053,0.6631956,0.616812189,0.994706146,0,1.898440944,1.713799144,0.862060363,6.561066769,3.745944695,0.286991138,0,1.633065902,6.397679706,0.447542509,5.844494174,5.303676201,6.182776215,0,6.872943643,1.638958644,0,6.040841484,6.293014738,0,0,0,0.387426688,5.620405014,0.789515155,1.529575524,6.83080257,6.612215932,6.705686976,0.552540444,0,0.44878588,0.939036629,0.700554977,7.361608325,1.983349783,0,6.405874162,0,0.977633157,1.372002583,1.446369873,5.536183405,0.21301061,1.689974936,6.022239293,6.916408486,1.992897636,0.503203858,1.18334646,2.883022352,2.139335969,5.078614393,0,0.016782536,0,2.216006395,0.69015536,5.648070183,6.484184817,5.577530217,0.947726851,1.11773242,1.401976896,5.225560883,2.351535743,0.122580444,5.354197381,0,3.31721735,6.73629834,0.175825055,2.45200997,5.519026868,1.337820407,5.01242753,0,2.787297307,1.552297896,5.363728522,0,0.167725005,5.10328978
2.45617041,1.531265957,9.331915904,4.634982038,1.281032171,0.002947461,1.573906018,6.869842715,6.441796309,0.636763404,7.284575755,1.747235115,2.890835208,1.251887049,1.271568151,1.264011341,3.257305294,1.986985922,0,7.405774746,2.571155642,1.6839703,5.175907286,0.844598587,1.51934343,1.803322964,2.261283994,0,5.508248019,3.712677176,1.435765739,5.442298648,2.935106064,0.148175393,0.56994392,0.431740743,4.73338027,2.006635282,4.931552617,1.283626141,2.81131081,3.048396616,2.865421925,9.794663898,2.66588379,2.8995609,3.918679181,0.122839781,2.427484401,9.289771011,1.318009095,0.486485867,2.612402864,1.559572088,0.503045855,0,5.656054005,4.552378273,6.743128911,3.629411845,4.077252966,8.591589036,3.543851585,3.722351107,1.986666689,1.973942313,2.577483542,0.829011849,2.72400423,1.009006671,13.21876448,0,0,0.920278005,2.552612955,7.178455094,0.456281548,4.10351317,3.596680513,3.082021108,3.07389621,5.129761617,3.140784907,0.932983464,10.15035236,3.796882853,3.856809531,1.886582111,2.881797377,1.91235406,3.642975613,1.245093124,3.488954212,1.343355366,0.951476655,4.616836164,1.401841262,1.731086673,1.707459858,0.38748364,0,5.501004894,2.328694905,0.414021695,5.913696664,3.069510899,2.870691628,0.59641731,0,0.826880246,1.950851008,0.751457962,0,2.459039065,2.978463385,0.983179932,2.132214438,3.242783282,3.548547852,9.274737791,1.435581294,0,1.008044062,2.887635788,0.977677671,8.301889416,7.721193238,7.285170655,1.72081033,1.73626119,3.123429292,4.175645559,0.569706542,4.310741793,3.883687573,2.050839544,1.819637078,8.294330515,1.554270755,3.638215571,10.40732681,0.404337486,13.29292686,0.471307583,3.029440109,3.345940354,5.630129313,1.349108941,0.912966759,4.519768705
0.751945955,0,6.026719252,8.315326154,2.334788587,1.105619185,0,6.439765407,6.396681369,0,6.487373316,0.961270446,1.514958144,0,0.805861782,1.405438843,5.784622199,1.742035063,0.096610074,7.856701445,1.377778297,0.464753016,4.714275742,0.573248826,0.589414071,0.929021348,3.937143442,1.217407134,5.921867609,0.958341634,1.990728272,5.766748445,6.167757051,1.306404738,1.225890628,1.911482104,3.353132519,1.621637019,4.934429484,0.4356722,2.625523219,1.859163815,2.60720163,4.865807382,2.538692168,4.608001798,1.568203568,2.229527308,1.902430275,6.970003228,0.69666781,0,4.481160029,4.741922698,0.525516134,0.470832765,6.473959565,4.838579793,6.723383508,0.660575161,5.803087647,7.563731919,0.603077963,2.269092427,2.661295714,2.165986059,2.512094018,1.499362997,1.614093931,0.968424501,6.192270798,2.243635989,0.434269782,1.239385642,2.370174544,7.046381229,1.115450414,3.343434032,4.741553943,5.722447276,0,6.285977856,2.539271493,0.49877176,6.445323238,6.091880363,0,0.196450128,1.111429215,1.083003311,6.52097819,1.00663724,1.18340616,3.650315006,5.533262897,7.34782488,2.93410485,0,0,1.237449851,0,5.350102715,0.852003241,0.95842081,6.085657328,2.534355697,2.121442374,1.248647322,1.111728579,5.115226504,1.0492196,0.857197688,6.845214734,5.825332227,0.204491933,0,1.350962429,2.316461594,1.678770021,4.510855747,4.579868944,1.082882682,0,1.976821075,0.833246372,4.543202517,6.127138608,5.904853078,0.460982187,0.326522513,0.701295638,6.420968561,0.716709383,1.384069567,3.936487878,2.354466695,0.841179004,5.872280958,0,1.490223322,5.477243526,1.041800328,5.027712354,0,1.214046036,0.07975403,5.356111246,0.40082964,0.779371476,6.103844402
0.842706627,0.009941537,5.935794653,4.273026857,0.949066882,0.303107649,1.213844096,5.646171158,5.390416314,0.126788743,4.917309312,2.618399388,1.823453895,0,0.260757313,1.72771315,6.552341679,1.892687406,0,6.817751287,3.248395238,0.737731567,5.286571084,1.389694896,0,1.614769255,5.411922123,0,5.821654568,3.113319972,1.333334317,6.709835966,5.734088316,0.181578409,0,1.46845259,4.696887768,3.028949503,6.439105905,0.439788503,0.217251214,2.036389718,3.075652374,6.301069553,1.645050143,2.064364103,1.828439473,1.130809503,3.238172199,4.671098273,1.041652,0.67868775,0,6.091340234,0.815094902,2.028156766,5.121270183,4.247528628,5.245420098,0,6.332239141,5.015497746,0,1.181869184,3.829028229,4.336002358,0,0.446809233,2.371876063,0,6.142184125,2.258473726,1.002238216,0,2.00634597,6.001809325,2.728930392,5.526537248,5.06189082,5.817173931,0,6.410134679,5.747915189,0.641152335,5.695230007,5.911885901,7.417197581,0.67499918,2.855012359,2.678467341,5.334009941,1.086273821,2.905484813,6.373928969,6.186129181,6.26643529,0,4.87936512,1.183108575,2.01217126,0.833084991,6.82997335,0.792729257,2.553359261,6.008849633,3.298565865,1.002262466,0.916643965,0.159745421,5.261650531,0.455180564,0.08511797,5.679247843,6.447477713,3.367508405,1.023225375,1.101537985,1.10140944,0,4.868527858,1.770503853,1.353922764,1.420603505,3.104877497,3.030973583,5.357778608,6.076130617,5.297173848,0,0.803668522,3.486725801,4.99477766,0.549035301,1.798925551,5.105296341,2.880289843,3.11639253,6.292735193,1.049007844,2.15592414,5.246910408,0.592141939,4.811663089,1.197065624,4.773582292,0.109735593,5.113485068,0.911135837,0,4.889727839
0,3.399007541,6.771196,8.057076262,0.451875588,0,0.218833543,2.359715324,5.745839086,0,6.798756418,1.293366723,0.602149329,0.165737618,0.215064313,1.33714143,7.945811591,2.137365017,0,4.542520616,0.216367256,0,4.187593583,0.819441619,1.428061819,0.780518633,5.148762317,0,0.06099475,0,1.242449231,5.713602819,5.975618602,0.877740456,0,0.320489631,3.332487028,3.757450771,8.438756082,1.51484187,2.776808004,1.634575029,0.477480343,5.733320801,3.532021141,1.647423063,1.196641962,1.270896019,0,6.83582333,1.120976266,1.678981539,2.06541688,4.687771422,1.010167842,0.222204176,3.773167679,3.542871615,3.362510721,1.782279811,5.623494723,7.398520244,0,3.183883622,0,0.521474307,3.417305437,0.92960147,0,0,5.128965255,0.895970119,0.975162107,1.465517289,1.843447593,7.965766814,1.073426416,5.46684622,5.899289032,4.005765492,0.053766656,7.515128742,0,0.258015564,3.163954567,3.926116221,2.328819336,2.066490129,1.978058493,2.778808893,4.839912332,0.873761883,2.041993129,2.542065009,4.886108842,7.933340418,1.039519203,3.799060154,1.968669881,1.549347508,0.888297473,6.796414288,2.031143141,0,6.62215774,1.840358153,0,1.445160274,0.509179518,6.7234448,0,0.662697676,8.644015576,5.266166669,0.667553367,2.047556223,0.375102764,0.528764475,0,4.03926873,1.408828497,0.593030882,1.176074239,2.729124902,1.018614512,4.907211575,5.556197163,4.063060202,0.352718928,0.693687833,0.163158974,5.672800613,0.201581782,1.62009559,7.267044599,0,0.915481622,7.685229354,0.257013256,0.723069492,3.623860208,1.123833659,6.306034026,0.791269134,0,0.007820121,4.530816692,0,1.140211044,4.725152973
4.999415541,0,8.709792932,6.152994255,0,0,0.867465406,7.369551478,7.136542346,0,7.595313415,1.912112447,2.437881717,0.737571429,0.416714261,0.647413731,5.403049253,0,0.792217941,7.661288672,1.029849063,0,6.447449531,1.453685889,0.127562294,0.77053063,4.860860239,0.859283284,6.628360817,0,5.948593907,6.592460958,5.227658543,0.707214838,1.206071113,0,6.206557808,4.40042515,6.314433884,1.291011142,6.420127801,0,5.400321942,8.961692041,2.347765139,4.524720561,0.700230584,0,2.088011133,8.686851155,4.438883952,0.872070598,3.856308121,4.478879968,0.002065201,1.464101308,6.70881972,6.108028496,7.300574206,4.980237436,5.849391736,8.306792419,1.662264885,4.639891785,0.762522558,0,0.010350977,0.809568121,1.178099473,1.167973085,10.82561776,2.143679576,1.154017252,0.418635512,0,7.53754612,0.45663727,5.863686605,5.587789795,5.307632458,1.491159123,6.422329913,4.309067862,1.331607212,9.155312777,5.696770908,0.390264694,0,7.145266654,0,5.612990757,0.63797595,1.708860436,4.361181349,4.147860276,6.14311646,0.739956602,0.772364883,0.68155307,1.224553296,1.374958595,6.624417987,0,1.532740169,6.849068749,0,3.532524506,0,1.52973754,4.080035618,1.064265382,0.354108045,3.436708179,4.968509169,0,0,0.862687591,0,5.072550102,8.678667749,4.560839006,2.072949394,0.085131285,0.813478227,0.432232821,8.149093029,7.832988255,7.595637252,0,0.168927693,0.691241048,5.90295222,0.467070118,0,5.744023477,0,9.375300096,8.144978304,1.662191801,2.454860527,9.295198064,1.308439335,10.86598841,0,7.212040573,5.043805385,6.694707489,0.725793291,0,6.090277319
0,0,6.792695087,9.124483251,1.096677637,0.2528937,0,7.213534565,7.169637621,0.851751851,7.262040737,1.35966899,1.995489347,0,1.29852316,1.350040578,6.546030165,2.134824674,1.337858352,8.657205246,0,3.496785486,5.455488492,0.695196549,0.694695986,0.243296257,4.663693318,0,6.685865111,0.686255921,3.645204563,6.52781917,6.936393976,0.991877699,0,0,4.068663322,0,5.679796079,0.723590177,0.834496224,0.619092125,2.927531616,5.609879219,2.458110648,1.99471747,4.14243623,0,0,7.753776874,1.600345219,0.564483515,1.527698364,5.483657089,1.109639756,0.364618758,7.248373897,5.582137903,7.502503951,1.336554751,6.564844017,8.358707993,0,2.873908263,0,0.365950191,0.135811026,0.646091224,5.697210601,0.48974522,6.961370247,1.636951528,0.725619488,0.683199745,3.930988261,7.831595969,0.522682116,4.058781844,5.483281376,6.482682131,2.287652071,7.056845363,2.560757641,0,7.219197261,6.859085653,3.346906785,0.867332177,0.897264319,3.849804491,7.296279665,1.279122956,1.909188474,4.371453025,6.289928235,8.138727236,0,2.866151637,2.114102075,0.282375198,0,6.1033122,2.084747327,0,6.852745202,2.769803748,0.783371481,0,0,5.864004362,1.466368589,0.53125615,7.62663388,6.587508307,2.993286264,1.078173513,0.549976734,1.596881238,3.299925358,5.248230383,3.297283731,0,0,0,0.502115257,5.28118747,6.895009148,6.668529551,0,0.495689109,2.951171657,7.194383062,1.047469654,0.017371055,4.663025385,1.432425213,4.622152394,6.635342863,0.655792122,2.966062359,6.232851894,0.14447602,5.774839002,0,2.246088504,0,6.1094341,1.141819042,0.472977548,6.871275429
1.040494078,1.684376866,9.680040145,6.517185485,0.173640884,1.036565592,0.248251453,8.022111828,7.733870902,1.731329732,8.301387706,1.27850368,1.382641369,2.86628942,1.539631554,2.364338385,5.589475742,3.156702462,0,8.383001543,1.555186293,2.944216965,6.881437568,0.502637405,2.158160484,0.746028078,4.918767851,0.134563535,7.105231529,2.293549835,2.142837445,7.060822074,5.372510938,0,0.890247562,0.30799076,6.583445585,4.949348988,6.716892287,0.449628245,6.174242628,0,2.314053074,9.991648673,4.77743373,0.971757606,1.565310333,0,1.82485204,9.651660318,2.173337145,3.70867751,2.237468414,4.446244108,0,1.232038286,7.204762173,6.461561176,7.936784388,2.201324355,6.141617925,9.181513584,0.143561726,0,0.916248234,2.119387534,1.117984141,1.747742075,7.103876453,1.8272397,12.29739382,3.579576628,0.852628929,0.698740379,2.307956015,8.229927422,0.423374942,6.159301208,5.818006636,5.471441633,2.152130162,6.85036367,1.380001299,1.862349151,10.23116469,5.952820308,4.91367615,1.160524206,1.300342387,3.678041151,5.849181158,0,3.852211682,4.300646557,4.036760489,6.504966288,1.762399662,0.526365682,0,1.914810397,0.926020717,7.100354102,3.20458588,0.010274263,7.378255415,1.196737651,1.48095362,1.430127596,2.513485512,3.952858876,3.995741323,2.338501687,3.157039006,5.051933564,1.750024683,0.687235385,0.520165869,0.718878835,2.237192678,9.641537141,0,1.301230597,0,5.391333309,0.423374942,8.986433599,8.595400285,8.301788304,0.15150708,0,0.0976455,6.207874227,2.45262531,5.842239955,6.011273487,0.276812204,3.70484928,8.981343532,1.376081101,0,10.40420798,0.154614312,12.34733381,0,0.516751959,0,7.18730482,2.582520252,0.055098141,6.439602313
3.490202297,0,6.55214214,8.085076952,0.514884682,0,1.723390091,6.828805131,6.799946955,0.648854502,6.860693447,1.241742674,0.22848429,0.846310236,0.521582656,0,6.389982793,4.696579375,1.59377425,7.77788493,1.804492236,0.18511674,5.673052619,0,0,0.131143401,5.152520607,1.963495897,6.481911323,2.497304657,2.932508104,6.378010751,6.646610855,2.068517524,0,0,4.76134348,0.888173198,5.820514089,1.166558213,0,2.876403649,0,5.774550227,3.522854293,0.922842567,2.695544375,1.239016633,1.571768174,7.183964426,2.446086463,0,1.708058229,5.691570864,0,0.293145099,6.851708765,5.75631288,7.018775746,1.258924166,6.40235116,7.581650625,4.884191079,0,4.029314376,2.289441632,1.970469903,1.075754262,2.514525939,2.126860245,6.66303044,3.980909363,0.096898311,0,0.864330794,7.235123276,0.245877977,4.754847323,5.691323868,6.348337327,2.2459189,6.725796488,1.692929921,0.964447003,6.832527829,6.595787791,3.815643944,0,1.944373374,1.855350327,6.883202373,0,4.200663746,4.960399674,6.221619487,7.437033646,1.625472869,4.842785196,2.201720299,2.055901923,0,6.098936724,2.914459181,0,6.591619531,3.76330366,0.854989999,1.217381232,0,5.941613979,2.428245416,1.218433517,7.10037968,6.417250832,2.280681777,0.135082082,0,0.378820353,3.632150545,5.536799604,4.290128466,2.38687523,2.117540425,1.940861872,0.663041141,5.558465837,6.619404162,6.470514798,1.459906407,0,0,6.816214791,0,0.417122586,5.152081503,3.641477414,0.063409865,6.448697623,0.346405222,0,6.184097078,0.92424586,5.882996011,0.908247279,0.832442773,3.613902671,6.102961306,0.163275053,0.460108203,6.603801439
0,0.552161013,7.262502358,4.42761956,2.091522016,1.416878173,0.677669756,6.76871804,6.332676994,0.414662987,5.526068335,0.802154845,2.730846248,0,1.228759198,2.179489025,8.313664502,0.795131806,1.540803874,8.766166129,4.439080502,0,6.155629389,0,0,0,6.369342636,1.665453875,7.06790287,0,2.541629582,8.582179353,6.918609588,0,2.050574291,0.800129863,5.15026767,1.831841761,8.12060679,0.824765176,1.015595129,0.766947054,1.577306515,7.885266123,3.342371205,1.210166014,0.310443378,1.332617638,3.024459878,5.106298695,0.020035694,1.522576123,1.134519679,7.527694824,1.864222919,1.201123406,5.873804903,4.384147169,6.085470331,3.122111597,7.938407716,5.693471567,0,1.318349204,2.96143567,1.110701434,0,1.507344929,1.673742114,0,7.614379492,0,0.854942551,2.737186061,2.962843158,7.375051964,0.234286427,6.564752029,5.772567956,7.060263751,1.693226776,8.071213224,1.607942026,0,6.852359356,7.221739897,3.691465398,0.184108468,1.487334251,0.475987898,6.236508752,0.816672378,0,8.009485455,7.68930221,7.826217543,0.871312489,0.167896068,0,0.348111167,0.524565531,8.787003744,0,0.31447703,7.387055111,1.35991127,0,0.082735392,1.007395691,6.11314189,0.666390828,1.276953834,6.825111077,8.134880036,0,0.099174623,0.772133229,3.146433986,0.986939157,5.442899955,0.411671434,1.031206035,2.292003752,5.639552982,0,6.27703238,7.501763675,6.173706233,2.503140787,1.919188572,1.552420307,5.658145519,1.488496162,0,5.846570811,0.877546021,0.487326,7.871056723,0.360186301,2.863281865,6.088011187,1.422396702,5.345950185,2.128790721,0,5.595632755,5.860531919,1.556095209,0.92251545,5.479044184
1.595751314,2.676794816,9.110150838,10.14406808,2.007664462,1.866687144,2.223122757,5.563081916,8.285708454,1.010196793,9.132310904,6.635280011,1.664420256,0,0.384534879,2.00304764,10.05460527,0.389652746,2.734325536,7.31817536,0.13489564,2.476105715,7.03279484,0.279410888,0.722222668,2.030924789,7.805626458,1.448006897,3.714786319,5.504429123,4.233122695,8.259788753,8.470463606,0,1.81897387,0.70797466,6.345242948,0,10.45095928,0.915972733,7.604983989,1.868210916,3.257033154,8.275643076,2.479325326,4.139896169,5.188365253,1.590174016,1.327498671,9.162114704,8.199839363,3.056846181,1.752836147,7.434964859,1.38472894,2.711082125,6.699574012,6.514403528,6.36938362,5.882878327,8.187336973,9.614553439,3.13858634,4.295561689,3.615577111,2.710450485,4.404105516,2.431101094,4.786359227,0.263654484,7.78970855,8.721115887,2.126785531,2.542502553,0.172071418,10.07065034,1.722997532,8.06138311,8.409090506,6.886595227,2.870234425,9.708312975,6.790604789,1.349515624,6.20973374,6.822552907,2.593288832,1.575873849,2.054111269,1.928471306,7.557294375,0,1.043673842,5.70970092,7.594438866,10.04457777,1.284990067,4.431064394,2.160658206,3.311418478,1.345782694,9.130427704,6.031822909,2.682225223,8.990316021,0,6.105514444,0.45426652,0.868709158,9.071756292,0.700214169,0.431856252,10.61599901,7.900025903,6.963830606,0.256409949,0.944915628,6.113579571,4.271935109,6.913533641,3.952807242,1.16894923,0.01031569,3.392433905,0.826524793,7.611406604,8.133226097,6.932663271,0,0.739440948,3.973514709,8.226981574,0,0.888778345,9.508839914,5.059677392,5.416254703,9.845083061,2.084792887,3.782913723,6.579522735,1.871557716,8.736135467,3.634892092,0.536778248,1.458150496,7.308764773,2.4611337,0,7.465021647
0,2.698226833,6.203972985,8.039176633,1.005619517,1.908483912,0,6.535189241,6.500640721,1.049897084,6.573365395,7.129362077,1.783213976,0.530931222,0.710449924,0.631475316,6.009838555,5.356819749,2.389040767,7.671411536,4.662622497,4.114336982,5.151541868,0,0.460209664,0,4.528369741,0.229921445,6.119893838,1.392587685,7.884096069,5.995505828,6.317069333,1.236336927,0,0,4.060059096,3.52979039,5.328080247,0.316733214,0.82382585,4.830299305,4.95765794,5.273053089,2.964158741,1.327257771,3.841790296,0.325522753,4.731883111,6.960379947,0.492397978,1.173845364,1.138460268,5.173711598,0.850724293,0.639773591,6.562609085,5.251219646,6.76261885,3.532132452,6.024645754,7.436483143,2.264251318,3.212149706,0.506772541,0,7.322100193,0.977330185,1.639934273,1.296859889,6.336726583,2.293996751,0.380586837,0.865204154,3.377581108,7.021626457,0.960409968,4.052282007,5.173415898,5.959981306,5.263290906,6.411869035,1.425961456,1.377665651,6.539645992,6.25622482,6.261594446,0.707926212,0,4.140867965,6.6003127,0.466366421,0,4.298365807,5.808276851,7.26335014,0.970356725,3.193745308,0,2.375491115,0.876108608,5.66140312,2.45885317,0.212555189,6.25123465,4.53778189,3.221014846,1.176926846,0.833932656,5.473058989,0.935076198,0.788632658,6.860313702,6.04248339,1.922828166,0.437028941,0.984992655,2.403486316,4.575591949,4.988422061,4.256662511,1.39428171,1.300593137,2.45921997,2.017748377,5.014360509,6.28449794,6.10625011,0.962664992,0.539149689,5.376270021,6.520116299,0.666013627,2.800140011,4.527844053,5.179189795,3.474668894,6.080130957,0.567877966,4.457705656,5.763355657,0.873231968,5.402882548,0.162274275,3.183197352,3.063957867,5.666221282,1.466156939,0.490402865,6.265818625
7.456556417,4.260014551,10.22537576,11.93698665,1.545483418,0.286832949,0,4.353337289,8.860542567,2.640208516,10.26206091,3.63655882,3.60207617,4.913850615,0,3.951560655,11.78888435,4.12245757,2.650463592,7.258828117,7.453337533,1.963132702,6.786391458,3.062560439,1.395048537,1.867606966,8.065784976,2.711565481,1.293553822,4.056980591,5.658680569,8.817633483,9.166397734,0,2.5166191,0.777328444,5.648175301,3.546169622,12.44503343,1.53122727,0.975801216,3.779890752,3.271393355,8.843879715,3.645588579,6.21965008,4.111067536,1.687580755,4.606042747,10.31139997,2.306938935,5.076468268,4.864683281,7.452168717,3.058295113,3.027851733,6.234756978,5.928214244,5.688139271,3.568452128,8.6976923,11.06039519,2.347954554,5.676822714,5.956923072,4.783004109,5.936682904,2.810293029,1.222318845,0.107750259,8.039433482,4.2240464,2.129226585,1.639078346,3.299158023,11.81544637,1.172377541,8.489180442,9.064796887,6.544363526,5.301150971,11.21561056,3.940229597,2.488296526,5.423844931,6.438343888,5.990940493,2.30350189,6.275297968,4.279764342,7.654680604,0.740173699,4.889216492,4.596059506,7.716171905,11.7722842,4.158667787,4.436575349,2.350261241,2.479698117,0.52939073,10.25894334,5.315499432,0,10.02699375,3.802151703,5.506494911,0.761810316,0.582183873,10.16181504,1.455718473,2.61623427,12.71825046,8.222059688,3.725130212,1.765769355,2.416859946,5.893314195,2.564816062,6.588959053,4.583821313,4.331916569,1.63303439,3.388160515,1.725082757,7.744261353,8.608113791,6.620627431,0.117812227,1.215948908,4.81923092,8.763322438,2.813641937,4.212512666,10.88539045,2.220769132,2.04060146,11.44202826,0,4.346137651,6.036016629,2.807582735,9.606207453,2.674239648,5.384511435,5.515048663,7.243249246,3.301344134,2.941474657,7.501926592
4.817369837,6.3728427,9.57866119,12.49795692,1.448044734,0.381242237,1.32199559,0,7.250823871,0.773948521,9.641230788,2.802544896,0.462127947,1.5867761,1.480656713,2.018744702,12.24535604,1.647018644,0.637416541,4.518965722,2.950859108,2.724594288,3.713185431,1.469516768,1.741324489,0.186501914,5.895298234,1.444894472,0,9.40802006,3.973812227,7.177638833,7.772485476,1.805464215,0.843360588,0.73370537,1.771862442,3.407960504,13.36447327,1.053249228,2.504842951,2.529385348,1.556001963,7.222403981,2.071746213,5.784849828,5.388057298,0.223412165,2.572611721,9.725382695,2.859083725,1.373972985,3.046459279,4.848724309,1.659141297,1.53441217,2.772326622,2.249492315,1.84002434,3.186148161,6.9730691,11.00285677,2.763311478,4.389615288,3.393881526,2.346247175,0.526335908,1.513735434,2.603878784,0.120736807,5.850353552,1.306397326,1.103905639,0,1.183198447,12.29065979,0,6.617434662,7.599196722,3.300386522,5.646265755,11.26758958,3.270837124,1.01763387,1.389248207,3.119561149,4.265061307,0.924819993,3.296036539,5.456133068,5.194125294,0.478797936,5.561674562,0,5.299003858,12.21704311,0.954747484,1.583749282,0.449550747,1.854498144,1.380372076,9.635913518,2.462555177,0.512018708,9.240304059,1.843146629,5.881744483,1.058922599,1.358376288,9.47025306,0.824851348,1.625371645,13.83046779,6.161837843,5.108366668,0.105920911,0.797762958,4.943278919,4.745406705,3.376447928,3.281922364,0.408100639,2.190045528,5.621979518,1.76249889,5.346912764,6.82028545,3.430460999,1.444614234,0.401150735,0.40266773,7.085006798,0,4.799974477,10.70437152,2.956582603,2.964615442,11.65376394,0,0,2.433358311,1.846595431,8.522617788,0.30522235,3.508013152,2.934613531,4.492394653,0,1.954452294,4.933590533
2.746618801,2.560747075,6.266597644,5.414331418,1.324754389,1.784475994,0.670123522,5.819850493,5.742180782,0.871745537,5.895104472,2.416559593,2.499854926,1.083336478,0.414325954,1.008941972,5.164349751,2.957353726,0.714904767,5.917096224,1.865673423,2.84451016,5.512483177,0.271182038,0.13336044,2.145006697,4.98362008,1.40675816,5.572786939,2.830818627,3.138360111,5.560820319,5.105886181,0.185242838,1.281391955,0.630898698,5.432185936,2.738254463,5.468144628,0.753874205,2.29953275,2.720489758,2.906691063,6.350564014,3.389854098,2.799227897,3.702410933,1.511454052,2.597899251,6.258950385,1.276449777,0,3.511582233,4.856293323,1.474559626,0.119292922,5.599606573,5.399342832,5.796858069,3.605512003,5.313130579,6.13226414,2.412619435,3.903894023,2.604237349,2.015550191,3.021298536,0.263151564,2.769229636,0.870414514,6.971872586,2.767920929,0,0.498192803,3.216297952,5.875848707,0,5.317895535,5.225929932,5.132544153,2.73200578,5.504109971,3.578603352,1.015473826,6.415104259,5.262256969,4.459565727,0.800594789,3.881940867,2.442337629,5.234330252,0.47371564,2.454060561,4.81706045,4.745953425,5.41103882,1.305490473,4.000804776,1.270360694,0,0.429822039,5.571472662,2.644773244,0.915738455,5.64635625,3.392047344,3.232161302,1.044954074,1.588811214,4.723345206,1.875514049,0.589146616,4.508902726,5.019503056,1.826298441,0.783073351,0.772677895,1.956521711,2.619785161,6.256222583,3.12273323,0.383002138,1.18116,2.964132247,0,6.079697676,5.974329418,5.895212417,1.182841292,1.24861031,3.131228365,5.330984073,0,3.32776261,5.278007826,3.14563226,3.08238651,6.078326101,0,1.932262987,6.461732688,0,6.98532947,1.275636013,3.269654141,3.365035238,5.594902496,0,0,5.393425773
2.816090592,3.082148829,7.47808526,14.47344975,2.048646765,1.057576027,0.666778523,8.740603695,8.608912864,0.533935181,8.886122211,4.151054987,2.097481662,1.50498412,0.941668567,0.477417997,6.738090494,3.344884682,1.830743294,13.07161574,4.732339199,3.898207957,3.466465475,0.323967597,0.021949872,0,1.091079955,2.966636875,7.157595334,1.908153059,1.479595063,6.683457511,7.909181929,0.302482058,2.227227869,1.145107253,0,1.768512426,4.139388236,2.907160287,4.639741043,6.863335308,3.610944397,3.929637657,4.087586809,6.89383976,2.375624923,0.569942258,0.709996108,10.36133062,3.595927161,0,4.035612484,3.550971266,0,1.405445018,8.84512169,3.846413708,9.607511853,4.102726713,6.794532052,12.17612398,1.279814547,3.695736133,3.623276235,0.620847437,6.966435627,0.629975729,2.954488288,1.560679575,7.984110741,2.818604549,1.852250115,1.935423224,3.744544734,10.59478791,1.35693348,0,3.549844129,6.548046392,4.76178841,8.270536088,1.200763087,0,8.757591783,7.67725696,5.025767201,0,2.943057985,2.965983618,8.988838996,0.145464528,3.157221705,0.214359076,5.969784704,11.51618171,0,4.147043888,0.746756941,2.045884812,0,5.4099366,3.944674041,2.60523715,7.658235606,4.348887593,3.59911062,1.666350308,0.73346031,4.692013087,2.761211853,0.150227006,9.97990164,6.862524921,1.19463855,1.427736915,0,5.565554126,5.092019798,2.84469115,4.734074288,2.478300793,0.884949204,4.410991643,1.0347036,2.94356241,7.785027444,7.105588654,0.424523514,0,3.603585789,8.683149187,0.152421434,2.860687097,1.089076156,2.614872052,4.527693342,7.006028588,0.573950401,3.856459422,5.798555682,0,4.424517007,1.634701347,2.009509423,2.932827762,5.428302299,0.674738057,0.213997864,7.713826287
3.544670215,4.899030608,9.209333182,1.685990371,1.974462853,0.529178865,0.442679439,7.898905567,6.741719715,0.699350713,4.601104427,3.325062806,3.534938986,1.0271447,0,0.804885499,11.99895579,2.665246955,0,13.1998255,5.511083526,2.653863174,6.27186261,1.56666953,1.942112559,0,6.839024688,2.492980062,8.692896079,3.756433233,4.478596309,12.7115529,8.296694675,1.853115319,2.54800415,0,3.603787279,4.604204894,11.48661033,0.482679107,4.849631858,3.63424794,2.52764168,10.8620524,3.227825817,3.784203425,4.830244705,1.493508139,3.179554567,3.487100382,2.464007974,3.059100109,4.538671799,9.913113188,1.099854174,1.568748635,5.52394378,1.570621332,6.085671264,3.877501484,11.00308202,5.04536685,4.045804479,4.685087895,3.22531352,3.388897329,2.782829159,2.913146946,4.651921807,0,10.14316096,3.989905343,1.89015515,1.1173432,2.765640527,9.50802252,0.34433489,7.357611155,5.255276499,8.672623033,2.419707033,11.3555274,4.175438806,2.638973652,8.120876753,9.101155881,3.585699522,0,4.558703238,4.130425594,6.486503996,0.353015153,4.110455864,11.1917114,10.34199433,10.70534656,0.530146227,3.276281148,2.27886691,0,0.978129802,13.25512532,2.270353996,0,9.539877026,2.492544825,4.695768819,0.409124996,0.258251285,6.159107322,2.35023796,0.722971654,8.048564012,11.52448933,3.346163174,1.319143431,1.241797841,4.398644176,2.721835352,4.380388343,3.334714546,0,1.920446553,2.625495761,0.833955428,6.59404747,9.844295908,6.319835773,0,0.693526331,4.179081741,4.951616954,2.11197254,2.992832941,5.451668692,5.228869502,3.511287621,10.82434284,3.055276866,5.100200559,6.092414303,0,4.123098568,0,2.992939624,4.363132091,5.488719323,0,2.029094222,4.476309566
7.415882821,2.29754841,8.938511244,11.40601121,1.246677074,1.203995056,1.572075202,0.473237513,6.970934463,1.187705904,8.991397452,3.151276284,3.42877194,1.039375072,1.979010257,2.978799002,11.19250332,3.626690868,1.043489489,4.661863884,7.402557496,3.960016504,3.980787686,0.751202846,1.150852951,1.769575535,5.825192555,0.17825454,0,1.601845058,7.219487626,6.909075681,7.411862724,2.00743731,1.55647946,1.3437195,2.33990754,12.07769107,12.13842383,0,0,4.886961885,6.676144555,6.946912888,9.373380923,7.124324445,7.322461981,1.640592042,4.255059563,9.062525849,5.84725647,0.143134652,4.997541855,4.940588404,0.94483187,0.143394336,3.185537978,2.743618505,2.397520573,2.553744427,6.736165549,10.1422956,5.64707315,8.839310764,1.583625514,0.019289761,2.279687775,2.03363219,1.353917007,1.437805954,5.787203598,6.274071465,0.472323053,0.960318029,0,11.23079578,0.913969133,6.435569774,7.265392467,3.631874322,3.965922194,10.36605786,1.453667703,2.051515357,2.016507413,3.479033829,5.685832097,1.301392014,10.33237365,5.724303916,5.232534475,0,5.75028569,0.823151775,5.321181832,11.16857215,0.390994241,3.717635233,1.612994687,0.900519923,1.095382904,8.986903093,5.006149153,1.066390441,8.652518907,4.341794901,0.672517824,1.582467145,0.407654501,8.846880562,1.78992017,0,12.53230016,6.050481987,6.653441907,1.118629179,1.954187464,6.856369252,5.823075768,3.69616432,2.846441525,1.871263716,0,4.663782265,1.507415859,5.361676265,6.607026988,3.741818226,0.675285948,1.080304687,5.702599689,6.830779555,0.531337504,0.827214278,9.890004501,8.957098286,2.283453061,10.69246714,0.894643894,8.574226846,2.899029048,0.543887031,8.045903131,1.516834449,6.269996213,8.335617387,4.639405004,1.584496728,1.348086234,5.012320569
4.625419087,5.048774773,8.703387323,15.15898604,1.1908758,3.184194192,0.299014245,9.868489213,9.746959711,0,10.00277945,4.372058874,5.486860181,1.645255715,1.389275112,2.715829887,8.020490919,3.244836143,1.430534703,13.86531823,7.245639671,5.277509053,5.001306102,1.807858088,0,4.305629536,2.809206501,1.823442507,8.407626558,4.737265107,3.477302989,7.970073444,9.10122036,1.89012775,1.688597458,2.187517375,1.161854937,4.452491175,5.62230581,1.744399687,1.983433384,3.990936029,1.705463609,5.42873969,4.423512627,3.650306616,1.6544355,0,2.857328645,11.36416005,6.429607373,1.273889793,4.196562776,5.079291384,0,1.194199912,9.964942547,5.351937341,10.66850631,4.028781467,8.072577419,13.03892306,6.370839919,8.215517545,0.803312168,3.683236691,5.942294655,3.81247677,6.849701157,0,9.170367628,6.30522124,1.623616562,1.427605311,2.690455921,11.57960365,0.394787584,1.134497882,5.078251218,7.845110713,2.03275892,9.434692254,6.541707143,1.644738349,9.884166491,8.887190836,6.374543836,2.412915582,0.647772203,3.62093312,10.09757056,2.356414133,3.87494203,2.000133839,7.311467983,12.42990226,0.666937639,3.429733232,1.617154421,2.709618674,0.388446678,6.794818035,5.146210305,0,8.869637179,5.710355771,3.742368398,0.680538587,0.420751748,6.132289855,1.78091981,2.174882083,11.01216232,8.135323924,3.162883394,0,0,5.146067059,6.395355348,4.427508191,3.910297045,0,1.648981597,4.73133884,0,4.518750496,8.986645696,8.359632739,3.078848876,2.235669071,4.055021981,9.815467923,3.14164894,5.812497938,2.807357317,4.249250486,6.298505076,8.267754777,0.34139879,3.659932708,7.153451077,1.552518906,5.885433905,0.831125944,4.97220396,1.054621925,6.811766628,0,2.470510971,8.920938456
0,3.150005881,6.623136379,7.961146922,0.93774137,0,0.010149543,2.032811891,5.556210941,1.754561859,6.651814111,4.983976084,7.45580465,0.974421633,2.139096787,1.39875423,7.84537152,4.394076683,1.661646516,4.304109289,5.67746352,5.338609896,3.934793322,0,1.547531647,1.692474635,4.934928357,0,0,4.181865421,6.918965397,5.522667799,5.795305843,0,1.553314215,0.006892017,3.045020286,1.359807613,8.358300248,0.316445872,4.303937004,5.20084123,10.25994598,5.543185158,2.042256739,6.529212357,2.061747324,0.279301767,0,6.690383735,4.200759605,0.61895802,3.294858033,4.455248641,0.787185891,1.673167199,3.503566369,3.263933978,3.076261156,2.285507748,5.428906671,7.275892686,3.177640764,7.96573741,5.124404112,2.002899152,6.965054496,1.762831781,3.734696549,1.010760778,4.914328711,0.366007754,0.856510988,1.317353772,6.799949148,7.866135739,1.316486001,5.265907554,5.715881831,3.745593823,2.260845094,7.397228556,4.321877924,1.179490178,2.869655428,3.662715527,3.639067046,0,3.338392873,3.384178882,4.613557427,0,5.057499635,2.222554131,4.661626768,7.832394759,1.555436293,3.04755443,1.241745545,0.993985148,2.070989277,6.649377029,1.936434643,1.187763965,6.468056027,6.350849305,3.696737082,1.554541464,0.358775347,6.573449319,0.002121206,1.789210879,8.571881072,5.057092345,0.438812691,0.506536176,1.058674721,0.92901044,5.471010951,3.7804553,1.680950078,1.584942461,0.707173095,0.446429027,0,4.683585017,5.358880831,3.805211291,0.994475081,2.795696483,1.972174715,5.480211449,0.848061327,0,7.139086948,1.275338633,3.200154908,7.574225138,0.22887148,3.806550666,3.348205892,1.620439926,6.139116486,0.721367635,4.06362156,1.660408458,4.291930883,0.275033452,0.512295551,4.494145661
2.218764523,3.188129385,6.932948074,5.834471606,0,1.018526884,0,6.357140635,6.257033008,0.458218348,6.454134652,3.387663825,1.346179049,0,0,0.029398054,5.512273012,3.267812603,1.170601946,6.482479578,5.015480967,1.546595415,5.960978317,0.507941287,1.199313546,0,5.279332547,0.571583998,6.038703166,2.909435936,0.21283701,6.023279523,5.436919966,0.748897163,0.129164393,0,5.857484095,1.461630533,5.903830854,0.693369101,4.96856582,3.31380791,2.828349879,7.041171395,2.680275388,2.414837199,2.664057847,0.293991572,0.385621904,6.923091607,2.262461878,0.809039672,3.673694566,5.115222505,1.100128272,0.714298484,6.073270695,5.815152983,6.327505955,4.367827743,5.704034968,6.759807113,4.401598077,1.362703203,2.338383312,3.338706237,2.498387702,0,2.898209929,1.097955955,7.841969111,0.943025286,0,0,0.501356923,6.429316111,1.115211093,5.710176467,5.591643023,5.47127913,3.273610234,5.950186185,5.124625447,0.512616511,7.1243566,5.638464538,2.946682871,0,3.686994334,3.851276476,5.602470103,0,5.539895385,5.064655691,4.973006637,5.830227813,0.809616132,5.14876878,0,1.325115456,0,6.037009209,1.586517798,1.022569474,6.133525833,1.490511538,7.14535942,0.450787901,1.02711946,4.943867154,1.503055729,0.167673058,4.667474625,5.325581717,4.966409635,0,0.506943071,3.638958235,3.91701373,6.919575774,2.19816208,1.805178114,1.830111411,5.867434326,0,6.692054783,6.556246806,6.454273782,0.779003871,1.449117077,3.489075384,5.727046139,1.254150961,4.622643261,5.658765642,2.194044229,5.046946755,6.690286975,1.515154033,1.457759951,7.184455464,1.739332699,7.859313539,0.215386673,2.72042361,5.055508852,6.067207662,0.246050503,0.245368143,5.807526552
12.32210104,18.41801782,6.683127208,10.02967504,1.735119753,0,0.996938883,7.287109793,7.224109549,1.695881969,7.356725132,3.031210553,11.1202628,1.134687972,0.830838661,1.247599738,6.329117366,3.589291281,1.70630164,9.359044566,4.072098931,12.70489884,4.763988113,0.248169312,1.775536447,0.511236653,3.62761541,1.806842733,6.52980641,2.531161271,9.928520625,6.302981217,6.889361725,0,3.406908349,2.526464727,2.773637175,2.028021639,5.085911039,0,10.47824622,0,16.28464201,4.985567398,21.01483415,2.389270889,5.216562953,2.678052755,7.958010427,8.06245755,4.725253347,0,4.922728066,4.804415266,1.62007363,1.290821178,7.337110685,4.945753471,7.701834374,6.565325633,6.356118729,8.930645731,7.913291255,9.628595932,8.665224981,0,4.013172542,0.81417349,9.465059121,0,6.925207299,16.16375482,0.98006887,2.18389045,12.26085339,8.174142363,1.518993935,2.759455424,4.803876049,6.238201206,0.088946307,7.062231771,10.23914967,1.862611038,7.29523681,6.778409965,9.359896352,1.386881553,12.04787099,7.778070993,7.405864335,1.244754884,5.494505614,3.208196472,5.96156367,8.614932608,0.948527662,5.504846398,2.832141849,1.786579236,0.881824002,5.693735102,8.552497149,2.282884492,6.769310244,12.23154402,0,2.262655375,1.082861781,5.350284039,1.214905405,3.688666351,7.879983809,6.388646181,10.72396395,1.059411074,2.038827251,5.120111893,12.0990785,4.466534346,5.98597603,1.929890545,2.074760363,8.280329665,0.402201107,4.513833869,6.829966833,6.504926671,4.124980427,0,0,7.259623839,0,8.475692879,3.626656803,16.50320382,8.341031957,6.457297627,0.351344687,2.319367467,5.879648552,1.003493793,5.222315235,1.167959585,9.245532452,0,5.702521162,2.104257459,0.426237688,6.795904551
3.623306076,5.21838815,6.714881599,4.561461012,0,2.433093504,0.72911091,6.339795434,6.008571947,0,5.3958596,3.929986439,5.019172772,2.734434723,3.053302634,0.712350651,7.513360535,5.408174774,0,7.857087733,3.85724893,2.165198589,5.874083863,0.850161847,0,1.612867526,6.036423733,0.821438754,6.567060834,1.907038745,2.819566725,7.717328547,6.45365536,0,0,1.72171883,5.110395634,2.62046542,7.366710927,2.648019607,5.834160151,3.594583188,3.16188125,7.187942535,1.361142585,3.122523969,5.052588403,0.609218658,4.93665052,5.076996124,5.027421457,1.640356014,4.441540613,6.916325876,0.912562722,2.819537507,5.660005647,4.528438715,5.820789963,4.153096256,7.228309707,5.523021671,3.356923116,5.082459893,4.704231923,2.375345343,2.000264225,0,3.702445462,0,6.982172883,4.779595087,5.136433673,1.532565783,2.860047038,6.800376011,1.350218428,6.184859715,5.583104505,6.561258042,3.489966104,7.329190814,1.079184676,1.49643506,6.403330665,6.683917807,2.945604035,0.609341577,5.190337901,4.731526928,5.935521071,0,1.845710539,7.282301451,7.039085333,7.143088326,1.057248299,6.281182231,3.915407568,0.865246442,0.981212542,7.872916306,2.880304896,0.188379248,6.809493786,3.356128536,2.976956511,1.400685391,2.081193132,5.841809705,0.889573402,0.612428993,6.382632453,7.377553104,1.831494637,0,0.178578329,4.787108196,3.732474294,5.33268362,5.802160603,1.11448661,0,4.876372577,0.17642726,5.966303443,6.896628176,5.887815312,0.778310731,1.800585322,3.677437825,5.496187462,2.584857724,0,5.639318213,2.46323691,3.328290699,7.177148857,0,5.683728841,5.822720036,0.177233459,5.259039083,2.557208358,4.00234436,3.592854386,5.649923285,1.539434742,1.651659066,5.360139332
5.377621906,5.093773066,8.887462891,5.914000726,1.77958159,1.354200004,2.83949944,7.328811718,7.057830728,0.179965947,7.59136449,6.58582509,8.205990084,2.686660674,0.832633897,1.824488801,5.041842464,10.07836537,2.434694262,7.668091271,2.958446126,9.050609119,6.256441306,1.4395961,0,0.227263309,4.411296722,2.263158104,6.466834431,6.467242852,5.390986294,6.425084225,4.837869564,0.731105184,0.893348125,2.843304765,5.976293155,10.65748885,6.101749036,1.379560354,8.520460702,4.4167232,6.131400292,9.180412226,6.859035434,9.867953409,9.601385696,1.690429281,6.995413119,8.860782454,8.01964035,1.407327228,13.85739335,3.967067814,3.850348231,3.194311513,6.560405156,5.861707213,7.248593706,7.634162025,5.560922241,8.41878822,10.36988944,4.803269726,5.190916104,0.939086308,9.048199732,1.626764652,6.856080077,2.359786459,11.3480888,11.28063015,4.010117346,3.359232006,4.829824425,7.524183265,2.568495484,5.577546644,5.256688873,4.930876266,9.064179235,6.22722812,5.364542372,1.067621862,9.40558597,5.38342987,5.035975451,1.586441295,7.876220448,6.725458811,5.285996658,2.007551894,9.269847592,3.83018868,3.582104173,5.902513217,0.880575181,10.07763346,4.738946382,0,0,6.462249066,5.732264813,0,6.723509582,9.796787449,7.637101558,0.378079359,3.66506597,3.503226608,3.03963193,2.194369382,2.755060623,4.536488441,6.462851357,1.129743988,2.409550371,5.382598934,10.09187219,8.851265456,9.624205645,0.278384187,3.390344001,9.3151789,0.120848791,8.235389671,7.867771526,7.5917411,2.788120265,1.778355591,12.35485317,5.6232111,1.539535016,7.771833421,5.438382859,3.61847598,8.297879154,8.230604398,3.099451215,6.138450422,9.568267378,0.414062607,11.39503837,2.131585144,5.446307264,6.682461722,6.543993154,3.440475349,3.151434294,5.841063253
11.72222224,6.325420833,7.023248033,10.15388955,2.591769585,1.62501852,1.013249171,7.588263999,7.529328288,1.965590327,7.653388027,9.914427762,0,0.833397253,2.322787982,2.234902554,6.692077536,2.057471597,0.485316998,9.526525561,2.312105784,8.66051376,5.227924364,2.110439,3.701293458,0,4.164866029,0.142102722,6.8798189,10.05996738,4.880988258,6.66762759,7.216177098,0.118885846,0.838448734,0.672239476,3.365983163,0,5.529078068,0,2.53140151,3.707391676,0.793568285,5.435208211,0,9.627798915,0,1.590147777,4.400412838,8.313589321,9.781228943,0,0,5.265743313,1.764659233,0,7.635039028,5.397962925,7.976232157,12.79800056,6.717336875,9.125765361,13.64051857,0.277071042,11.85736961,4.893960528,7.37329404,1.857382877,10.1542554,0,7.249710054,4.824630748,0,0,2.138035592,8.418068662,0.79974679,3.352716364,5.265238885,6.607026935,2.655452983,7.377894237,5.668940941,1.587679453,7.595866693,7.112383516,2.858162003,0.225576464,3.434841682,2.968615747,7.699356958,1.777134612,11.47551455,3.772506377,6.348236982,8.830420827,1.028543689,7.081481096,2.253745602,1.104189717,1.803963114,6.097687676,3.410466804,0.89606818,7.103870873,3.67413407,4.625999242,0.18528071,0.222043077,5.776394746,0,0,8.142888079,6.747765783,5.179392583,0.251474928,1.660129028,0,6.91960135,4.949661163,3.224025745,0.482689673,0.532337545,0,0.234325382,4.993909103,7.160614134,6.856544305,1.335711109,0.626343304,3.338406652,7.562551334,2.398806278,5.915841081,4.163969267,8.460974136,0,6.811988103,0.076848637,0,6.27160671,3.262709283,5.656681994,1.159392578,8.885799463,9.626066873,6.105906893,1.647979225,1.409851661,7.128749418
7.613912371,3.706615358,6.729473376,4.058141509,1.520665336,0.70101425,0.790513781,6.264176614,5.853291783,4.462465944,5.093218238,3.143877789,1.806677742,0.605622216,0,2.303849414,7.71999155,7.321511644,0,8.146387314,4.247407728,14.03575169,5.686458463,2.226863802,0.90189937,6.383145086,5.8878421,0,6.546100782,7.576840458,5.498656433,7.973015159,6.405420573,1.1105179,2.895384836,4.777011185,4.739098382,4.66958471,7.538071783,0.841080231,0,6.931343874,2.359277628,7.316308462,5.298026904,4.173853254,3.249691131,2.878944355,1.646422957,4.697666078,4.443486146,2.362391359,12.86280911,6.979366277,4.631648602,0,5.420893081,4.01717714,5.620347043,0,7.366384194,5.250963592,5.083117854,9.4520621,5.872932148,2.07483316,8.16157643,2.772272768,5.906431111,0.991406881,7.061049906,10.85396815,4.207681053,1.095216015,7.280117812,6.835529735,0.388823349,6.071977874,5.325496728,6.538902381,3.768255906,7.491527845,11.68757461,2.819322339,6.34299247,6.691062596,0,0.186717165,3.763917616,9.214160114,5.762671709,5.878236101,3.568313955,7.433361294,7.13165016,7.260666531,3.723649883,12.56122431,0.308222428,2.07994496,3.30580628,8.166022759,1.069602318,1.003529741,6.846840393,0,1.274058546,3.061194269,0.838249702,5.646422165,0.710269336,4.531164808,6.317316207,7.551521572,5.821494765,3.42053317,2.284695455,10.66267413,6.378629392,5.014848035,6.207266947,1.280628993,2.815289366,8.385563147,1.930703701,5.800857435,6.954931156,5.703492412,1.439577585,0.519307031,5.886769655,5.217675585,3.392507205,2.244288394,5.395230188,7.011102921,7.570034254,7.302918835,1.081089971,7.349661414,5.622741311,3.598351071,4.92349152,2.753108169,0,1.993862666,5.408385847,0,0.083179379,5.04890702
0.287056824,1.329307921,6.873286325,8.663092636,3.349479444,2.080618374,0.178172736,0.73298214,5.44610035,0.133441149,6.911647447,1.313615863,1.927870031,0.863957162,0,0,8.508224242,4.958757123,0,3.771211127,0,1.810739846,3.277191068,0,3.821397509,1.35514269,4.615034036,2.093820417,0,3.420624776,4.468498733,5.401230951,5.765928595,2.172395985,0.11610327,0,2.086975187,0,9.194349682,0,2.516388409,3.690402369,0.150524207,5.42867625,0.57140343,4.757067578,1.273909507,1.579744135,6.651192158,6.963240581,6.975851207,2.463686901,0.939838279,3.973384546,2.41343259,0.422188846,2.700355013,2.379807789,2.128764923,0,5.275810222,7.746453853,4.032655775,0.029464642,6.175612285,1.103843457,3.461882003,0.494757519,6.473766476,1.301307652,4.587478666,2.412375685,0.683762751,0,7.397361984,8.535999755,0,5.057772442,5.659686085,3.024106023,1.18571617,7.908760277,2.642867108,1.443495644,1.852396222,2.913242848,5.599630746,1.818689766,2.575520117,4.258420737,4.185148246,0.844560232,6.660095019,0.986793189,4.249448794,8.490865717,0,0,1.781692477,0,4.935306602,6.908387454,3.6661054,3.978034324,6.665841179,6.747045623,3.096617653,0,5.601467087,6.806821816,2.675469382,0.63243901,9.480048707,4.778448202,4.453682701,2.408161704,0.110672768,3.340740946,2.825620246,3.070738908,3.665529872,2.15552454,0,4.925452882,2.159014816,4.278821516,5.182139294,3.103854065,0.127489234,0,3.767627564,5.344438692,1.821034353,3.41383558,7.563453969,0,1.423572317,8.145521938,0.849951716,0,2.492535155,3.68637629,6.225831144,0.76733963,0,2.996885738,3.754920531,0.218761393,0,4.025415624
5.144357438,6.183692285,8.663380698,6.50430626,3.271368625,0.504320603,4.654309048,7.531621248,7.334857981,3.557825896,7.722264661,6.246892708,5.625178706,2.225270241,1.753691872,0.618650704,5.871019369,5.440027208,4.98862543,7.777977101,4.777219256,6.633881112,6.752957382,0.009742546,1.082165379,3.214588598,5.413170868,4.068376363,6.905726912,6.825227611,5.106438876,6.875411475,5.722911658,1.609228256,2.429904025,0.163601696,6.549537705,5.740117849,6.640633058,0,6.31492564,4.966172055,6.366678458,8.876095501,6.170889237,6.309014698,6.132807148,0,5.496641434,8.644007642,5.577550719,6.339955205,5.919746782,5.09060975,0.916106562,5.433518542,6.973669986,6.466335174,7.473373774,5.749111842,6.247930799,8.323069153,5.869443153,5.928334072,5.671129129,6.247828055,6.768888279,0,5.429145604,3.150703803,10.45007722,4.782218112,0,1.306730773,7.150505662,7.67348339,1.214993544,6.260002022,6.027022494,5.790445187,7.476138963,6.731745259,6.277606208,1.722868221,9.039597456,6.119050989,5.606922168,6.093908421,5.8933738,6.465026645,6.048303306,1.055969271,4.768552317,4.991219806,4.811082011,6.495965011,1.785924853,6.063395513,2.416745433,2.224781092,5.079423106,6.902397411,6.832338222,2.551743289,7.092102499,5.255190781,6.620821496,0,5.340173418,4.753807855,2.363556534,1.491868822,4.210553573,5.504074409,6.637267252,1.405948107,2.644059263,5.769142508,7.52727221,8.63709721,6.786440663,3.777349666,0,5.45599225,0,8.18990078,7.922967859,7.722538124,1.334401593,0,6.028073649,6.293159652,0.705230074,5.685725337,6.158953159,6.07177205,6.373110291,8.186426124,4.70975239,5.973070729,9.157722809,1.165243218,10.48416799,1.894150277,5.824571163,6.324246688,6.961752991,0,4.9930423,6.451345292
21.76826056,16.66870339,7.48818762,10.72678229,1.933715297,1.557667432,0,8.072686896,8.011718919,2.348455794,8.140056579,15.23010615,3.851415749,1.957719135,0.889124706,0.522788881,7.145597451,0,0.59745453,10.07778506,9.303581918,0,5.630956238,1.643211547,1.85406266,1.375774403,4.53124072,0.765016878,7.339812655,0,3.932720482,7.120304403,7.687769411,2.636184675,3.56062715,1.975964509,3.704810169,7.611677847,5.942494553,4.542021955,4.965803782,0.78957546,0.798041582,5.845387804,18.02905281,9.506280639,4.87724792,4.045181371,9.584045801,8.823023436,1.018083093,2.687894224,8.282005,5.67007929,2.078352239,0,8.121074856,5.806858198,8.474033265,7.102845029,7.171727802,9.663205546,0.921660284,5.80191936,8.800757495,8.337817052,0.658234057,0.415262733,9.847705041,0,7.722458676,0,1.499980456,2.245650606,5.298079667,8.931105512,0,3.691085894,5.669557467,7.05761407,1.887874532,7.855063004,3.394134182,2.048074251,8.080551751,7.580396741,0,3.203716872,1.297232119,5.323511322,8.187610647,0.744999355,10.05645099,4.125351424,6.789900326,9.357676717,0.583600652,2.480980219,0,0,2.00934069,6.530711389,5.801175939,0.949480139,7.571590558,13.79292917,5.92306369,0,0,6.198339392,1.004429081,1.294296411,8.646435944,7.203205982,7.475770507,1.582561439,0,3.966690382,3.593515248,5.343097755,9.272241731,0.971707735,0.451448571,4.085770888,0.071557636,5.388871486,7.630290483,7.315735488,0,1.678640231,3.139906402,8.046087587,1.622659923,8.250764676,4.530313035,3.133548488,0,7.269642865,4.06553859,6.52695453,6.710627631,1.004015715,6.074498614,0.996255906,12.77493066,3.541037494,6.539214027,3.879425961,6.56677544,7.597326985
13.54443654,11.31487854,7.934032487,9.654331757,1.909990706,1.800359601,0.571852947,2.032186717,6.56227121,4.538077942,7.970903857,10.62276621,7.811284348,2.428144128,0,0,9.505477669,9.895846887,1.592013737,4.952426229,11.47436716,7.747895387,4.477591415,0,3.139750347,3.385589471,5.763479316,0,0,9.624206513,0,6.519144313,6.869678941,2.519771115,0,1.662081117,3.33359751,12.92389085,10.16495746,0,5.643673438,14.82570867,15.81156291,6.545523774,4.381523348,16.32729388,8.615878295,2.072529323,8.664183514,8.020493374,9.442286472,2.581845788,5.034018903,5.146748253,1.517746525,2.264597051,3.92315676,3.615057972,3.373764343,15.45131951,6.398594291,8.773290597,8.214964663,3.409151367,0.002843325,2.334316349,0,1.668471,0,0.301946457,5.736994058,10.13521284,1.181511984,0.112352577,4.067451636,9.532174522,2.14602725,6.189023997,6.767562354,4.234334915,5.373054609,8.929293858,14.47412712,0.174673564,3.108128408,4.127777106,5.978165399,1.637435448,0,17.5719181,5.35028812,0.337401379,12.10880479,2.276141026,5.412091559,9.488793262,2.964628302,9.225484945,2.208267917,0.131247352,0.063243297,7.967770466,9.278594615,2.140945687,7.734643463,2.425648808,10.58262803,1.114885858,1.200442457,7.870149125,2.381685399,0.390091136,10.43956138,5.920547301,11.6194318,3.357891651,0.486073238,0,3.124938547,4.279156815,11.59796872,2.90926479,0.492725499,9.143936967,0.625403018,5.440323593,6.308561069,4.310985946,2.616986571,0,6.227177499,6.464557577,2.195516711,2.031854064,8.597397504,9.735416523,10.09125983,9.156860892,0.800760667,7.046222044,3.723407576,0.950349956,7.311721197,1.295587449,14.96770334,8.467552169,4.936768278,0.389948345,0.622079565,5.196758707
6.332634193,12.97017409,8.533585325,10.6448617,0.567860681,0,0.307082334,1.29041097,6.850060121,3.680268557,8.578836552,1.580902044,1.48805132,2.959005687,0,0,10.46217714,13.46656148,0,4.874341281,11.61227822,11.71394236,4.291589463,0,0,3.348297307,5.869724616,0.806504099,0,3.793326054,15.05125304,6.797131656,7.227333246,0,0,0.461826605,2.887596944,5.220620987,11.2715387,0,5.888675586,7.644204497,4.456490733,6.82950645,0.548745292,17.72128647,13.99372752,4.519245974,0.190452219,8.639696413,9.049392365,7.558114314,0.26962587,5.112827402,4.546955913,1.751926604,3.611146932,3.233025692,2.936892603,4.137285513,6.649183903,9.563583914,0.487534616,8.846190148,0,2.756436952,11.34358993,1.812608841,13.20482727,0.918699843,5.83721998,3.331178622,0,0,2.623721029,10.49494146,6.479253417,6.391983997,7.102008343,3.993047395,8.576230793,9.755042462,11.60986215,0,2.610884864,3.862271903,7.188527938,0,12.0719413,7.332158206,5.362626329,1.841021364,9.416288758,1.589809441,5.438476004,10.44170082,2.667938915,9.422181874,6.779734824,1.887641369,0,8.574991026,0,4.957398843,8.288880614,10.16390568,5.138164629,0,0.466646335,8.455183016,1.873684525,0,11.6085526,6.062489869,6.779907021,6.418887344,4.839217078,6.238144742,11.4696459,4.048056091,1.661840478,3.338959956,4.585232725,0,2.870181422,5.47312441,6.538688585,4.087119116,3.802237254,4.237628966,20.74965499,6.730138845,3.61958632,13.03116417,9.347715119,7.93001539,4.232562814,10.03432928,1.921463794,7.428291637,3.366000207,2.224449915,7.76983965,2.8856699,4.419136148,6.760636215,4.855124704,1.753352851,0,5.174203867
5.238289257,2.265490682,12.33296656,5.060294769,2.731376243,0.727757051,1.915285556,8.520724203,7.857942672,0.024815167,9.162891491,8.487088187,5.1356561,1.008318886,2.697961726,0.640992859,2.927117874,3.619695733,1.570239751,9.350554445,9.502602141,4.316022749,5.897856443,1.819691956,0,1.354521364,1.384891346,2.00371709,6.412448546,7.0359888,9.328127451,6.310333391,2.428228744,0,1.740033794,0.355534725,5.212653321,8.312532394,5.519500827,0.563763287,3.3275081,11.45758228,7.672790933,13.04947958,4.284531949,10.81544965,6.959219489,1.488229124,9.157019984,12.26770995,4.989679745,0.724317694,6.547660471,0.298369685,2.972184065,0.743867999,6.641309427,4.932392165,8.324522185,8.42010172,4.19671427,11.18665399,1.058279984,9.457083113,5.958128098,5.360141311,7.662429173,0.352007614,7.462328356,0.195336624,18.35131274,8.612844429,0,2.195270112,4.657387488,8.99857563,1.16234137,4.237375232,3.452602085,2.655710103,3.161272478,5.826405084,9.299987094,0.157303875,13.60022301,3.762592804,5.97985563,0.352510883,3.857431691,7.074865674,3.524284819,1.556994052,7.644295395,0,0,5.032197931,0,5.772279244,0.436461632,1.239279131,1.673625561,6.401233385,6.803955305,1.95344518,7.040239997,7.894820645,8.243702903,0.105517929,1.718232524,0,1.718754824,3.178059105,0,1.691092747,4.317404317,0.153484952,1.947251589,6.892834311,13.25024218,12.24443271,8.006431197,1.871148028,0.120651943,10.74858624,1.204103173,10.73808684,9.838944369,9.163812627,0,1.028453871,6.711527292,4.349064091,2.410578272,8.456268595,3.897000114,4.219010951,7.457235572,10.72638273,1.068380222,4.417805711,13.99811894,2.983966478,18.46614481,1.165901257,8.195375993,6.168948651,6.601167969,0.012611953,0,4.88189993
